Pitcher,PitcherTeam,TaggedPitchType,PitchCall,PlayResult,RelSpeed,SpinRate,RelHeight,RelSide,Extension,InducedVertBreak,HorzBreak,PlateLocHeight,PlateLocSide,ABS_Horizontal,ABS_RelSide,differential_break,xWhiff_xg,xWhiff_rf,xWhiff_nn,xWhiff,stuff+
Graham Kasey,Normal cornbelters,Fastball,StrikeSwinging,StrikeoutSwinging,88.0267711,2044.868410798222,5.1667632242949,-0.012053276,6.000000192000004,13.81860126801563,-10.33519586,3.663366922241608,1.72803721,10.33519586,0.012053276,3.4834054080156296,0.68276536,0.68,0.40308842,0.588617928425471,254.332029710753
Wesley Culley,Lafayette aviators 2025,Fastball,InPlay,Out,88.95799402162497,2071.524086996364,5.636354034,0.5508731633529489,6.000000192000004,14.521891610252167,-15.61601528,3.646876202842982,0.165596118,15.61601528,0.5508731633529489,1.094123669747832,0.06913596,0.05,0.34365728,0.15426441381374995,66.65509081984797
Wesley Culley,Lafayette aviators 2025,Fastball,InPlay,Out,87.26939057054254,2101.9352108275502,5.602829680718846,0.7984024112448291,6.000000192000004,15.226131717792786,-14.3696696,2.9828810377977426,0.38506499,14.3696696,0.7984024112448291,0.8564621177927858,0.011133188,0.02,0.56389475,0.19834264568984508,85.70056265774481
Graham Kasey,Normal cornbelters,Fastball,InPlay,Out,89.27261683817639,2045.3449797983385,5.154947017491479,-2.207808846,6.000000192000004,14.562867392544018,-12.38791368,2.554941259597038,0.523410966,12.38791368,2.207808846,2.174953712544017,0.03419389,0.04,0.2479866,0.10739349603652955,46.40294579162251
Graham Kasey,Normal cornbelters,Fastball,InPlay,Out,90.58821563,1979.606498132678,5.182451395,-1.553652202,6.000000192000004,15.115616483051262,-11.2860443,3.3056913059617985,0.772292959,11.2860443,1.553652202,3.829572183051262,0.059386775,0.01,0.10134141,0.05690939545631409,24.58960449052803
Graham Kasey,Normal cornbelters,Fastball,InPlay,Single,88.49943104979069,2140.8592224509493,5.208488783828716,-1.971389205,6.000000192000004,15.416739693514977,-11.26730614,2.2126376331042503,0.135666384,11.26730614,1.971389205,4.149433553514976,0.01770053,0.0,0.6563682,0.22468957553307214,97.08463341073616
Graham Kasey,Normal cornbelters,Fastball,InPlay,Double,86.43818832891868,2156.6738642856258,4.841096946430667,-2.566815147,6.000000192000004,15.205202897387014,-11.82142888,2.0852877030229293,0.945191121,11.82142888,2.566815147,3.383774017387015,0.0022056345,0.01,0.8020999,0.2714351726820072,117.2826294771016
Wesley Culley,Lafayette aviators 2025,Fastball,InPlay,Out,86.40084308730378,2173.799495528173,5.244112565,-1.756734635,6.000000192000004,14.652389933266477,-17.0966376,1.9142174201671165,0.853722802,17.0966376,1.756734635,2.4442476667335242,0.0012003982,0.0,0.83165574,0.27761871297843754,119.95443452829362
Graham Kasey,Normal cornbelters,Fastball,InPlay,Out,88.03087737253347,2136.418066886193,5.105369982698078,-1.38390967,6.000000192000004,15.416522020176394,-11.37850509,3.309331196010894,1.494707303,11.37850509,1.38390967,4.0380169301763935,0.07674926,0.01,0.6853565,0.2573685851693153,111.20469066409815
Graham Kasey,Normal cornbelters,Fastball,InPlay,Single,86.74395404565465,2057.7635949643227,4.829928946760923,-1.633186558,6.000000192000004,14.667408908489971,-12.86577497,2.203649591159005,-0.3062911871449373,12.86577497,1.633186558,1.8016339384899709,0.009235486,0.0,0.47163275,0.16028941174348196,69.25839234783712
Graham Kasey,Normal cornbelters,Fastball,InPlay,Single,87.97786861127426,2206.129940986787,5.143037820214493,-2.137278654,6.000000192000004,14.33228313335723,-13.41308748,2.213751719938944,0.744757021,13.41308748,2.137278654,0.9191956533572299,0.0021321755,0.02,0.7915385,0.27122355081141,117.19119118193422
Graham Kasey,Normal cornbelters,Fastball,InPlay,Out,85.59174076085985,2187.9549700098205,4.8676951447412415,-1.810494801,6.000000192000004,14.325127927604132,-10.52607001,3.2552349994632426,0.653414801,10.52607001,1.810494801,3.7990579176041326,0.004477725,0.01,0.8999978,0.30482516522829733,131.7098906362053
Wesley Culley,Lafayette aviators 2025,Fastball,InPlay,Single,87.40143703710565,2235.855212,5.247449366692675,-1.348999,6.000000192000004,14.679114527181966,-15.83236519,2.3218629204957684,-0.1182350320667626,15.83236519,1.348999,1.153250662818035,0.008824212,0.03,0.88137853,0.30673424766709406,132.5347734474427
Wesley Culley,Lafayette aviators 2025,Fastball,InPlay,Out,87.33584859177603,2281.308870056477,5.370568071726574,-0.747612735,6.000000192000004,15.924939859655831,-15.35613315,2.1323411115085658,0.395066178,15.35613315,0.747612735,0.5688067096558314,0.010283622,0.14,0.9321873,0.36082364692042274,155.90590441984256
Wesley Culley,Lafayette aviators 2025,Fastball,InPlay,Double,86.95038392,2039.4126205005948,5.453063299054719,-0.403171571,6.000000192000004,14.638793038733564,-15.04134018,2.160267281,0.239052525,15.04134018,0.403171571,0.402547141266437,0.014975546,0.04,0.3800386,0.14500471172233423,62.65412735323
Graham Kasey,Normal cornbelters,Fastball,InPlay,Out,85.51559598717265,1949.8710933842688,5.008372509824639,-2.102470386,6.000000192000004,14.521540521022626,-11.81127863,2.861203054979662,0.675594318,11.81127863,2.102470386,2.7102618910226255,0.008516829,0.02,0.24704874,0.09185518835981688,39.68910114156291
Wesley Culley,Lafayette aviators 2025,Fastball,BallCalled,Walk,87.74304558549423,2200.4369308940613,5.440077341553171,-1.184068079,6.000000192000004,15.340915988860946,-15.79480789,1.2728191512406204,0.301615909,15.79480789,1.184068079,0.45389190113905364,0.003308392,0.01,0.7949618,0.26942340066966913,116.41337620684887
Wesley Culley,Lafayette aviators 2025,Fastball,BallCalled,Walk,87.94753984973899,2125.2784412776527,5.515732581365483,0.2537411134112944,6.000000192000004,15.046421191253817,-13.28204655,4.645755982192375,-0.3063724934471863,13.28204655,0.2537411134112944,1.7643746412538164,0.0056882016,0.04,0.62183416,0.22250745351115864,96.14177473092266
Keegan Shovlain,Lafayette aviators 2025,Fastball,InPlay,Single,87.95814242574808,1903.4743113987463,5.396240833758214,1.8613660624925363,6.000000192000004,17.105016949340662,6.3130977756974165,1.7635614727453175,0.101046873,6.3130977756974165,1.8613660624925363,10.791919173643246,0.00047815824,0.0,0.16082066,0.0537662737381955,23.23151380454535
Keegan Shovlain,Lafayette aviators 2025,Fastball,InPlay,Out,88.32804634731114,1841.6315501721808,5.326950639912149,2.0214535592696774,6.000000192000004,15.999409283345056,5.129544970437219,2.189426824933024,0.307677559,5.129544970437219,2.0214535592696774,10.869864312907836,0.003442642,0.0,0.06894746,0.024130032941078145,10.426186425051762
Nick Krueger,Normal cornbelters,Fastball,InPlay,Out,86.57657006106783,2070.6463541476937,5.674755819,2.8643442770740406,6.000000192000004,17.015873925760904,6.725438877920896,3.0870635856948754,0.541379728,6.725438877920896,2.8643442770740406,10.290435047840008,0.00035932017,0.0,0.70803505,0.2361314573305814,102.02848048154367
Nick Krueger,Normal cornbelters,Fastball,InPlay,Out,85.66956763669918,2107.5214015268766,5.065330207881024,1.9944030822625909,6.000000192000004,16.937006462208046,9.933100377796992,2.324841789284313,0.938855058,9.933100377796992,1.9944030822625909,7.003906084411055,0.0014022506,0.01,0.8042659,0.27188938898500054,117.47888879692393
Nick Krueger,Normal cornbelters,Fastball,InPlay,Triple,86.94425198,2201.3561851648683,5.677893123166219,2.1293637802991987,6.000000192000004,17.126508415929877,6.531367834229897,3.566683381930259,-0.1027456854646332,6.531367834229897,2.1293637802991987,10.59514058169998,0.008777474,0.01,0.9317849,0.31685413396606843,136.90740822216833
Nick Krueger,Normal cornbelters,Fastball,InPlay,Out,85.25590742,2000.760627,5.254773320517344,2.159406114304745,6.000000192000004,16.86584587748223,7.859614802397452,2.694726435328662,0.725188029,7.859614802397452,2.159406114304745,9.006231075084777,0.0013768347,0.02,0.576362,0.19924628283828497,86.09100925983783
Keegan Shovlain,Lafayette aviators 2025,Fastball,InPlay,Double,86.63133452059749,1864.5080904038143,5.445840741481766,1.5054145848373626,6.000000192000004,16.89590668775784,5.850839919630751,2.45434659341584,1.172708653,5.850839919630751,1.5054145848373626,11.04506676812709,0.0009760481,0.0,0.15530196,0.05209266881380851,22.508376915915647
Keegan Shovlain,Lafayette aviators 2025,Fastball,InPlay,Out,87.15292533014593,1819.650066913918,5.4549187940110215,1.3165331649910594,6.000000192000004,15.601726170371546,4.027865063,1.529785828843213,0.809707704,4.027865063,1.3165331649910594,11.573861107371545,0.0009760481,0.0,0.083913505,0.028296517732087523,12.22645529639072
Keegan Shovlain,Lafayette aviators 2025,Fastball,InPlay,Sacrifice,86.11682450733709,1891.3222730091431,5.150926750909475,1.9981530393912468,6.000000192000004,16.039698223814227,5.874443465471133,2.2680760136928697,-0.3224842817174723,5.874443465471133,1.9981530393912468,10.165254758343094,0.0010395952,0.0,0.21492742,0.0719890050822869,31.10525333200751
Jake Fenton,Normal cornbelters,Sinker,InPlay,Single,85.67035617694042,1804.8176491102968,4.971678597242807,2.9020210866813763,6.000000192000004,15.20680924567721,10.945076726394094,2.171140345,0.265106533,10.945076726394094,2.9020210866813763,4.261732519283116,0.005339129,0.06,0.046975505,0.037438211167852085,16.176429183069327
Keegan Shovlain,Lafayette aviators 2025,Fastball,InPlay,Out,85.7637727,1940.5437935950129,5.213018341089101,1.6598787236659764,6.000000192000004,16.581213002429678,5.100731635616829,1.9247788740520333,0.590814441,5.100731635616829,1.6598787236659764,11.48048136681285,0.0008364158,0.0,0.41193748,0.13759129700095704,59.450913991688346
Wyatt Mammen,Normal cornbelters,Fastball,StrikeSwinging,StrikeoutSwinging,91.11594426358084,2209.8612185754337,5.747503301855336,3.301380275568528,6.000000192000004,18.39213585487084,10.60623321408988,3.820650831540375,-0.8192910345428804,10.60623321408988,3.301380275568528,7.785902640780961,0.83024573,0.63,0.7293984,0.7298813875516256,315.36962396076564
Wyatt Mammen,Normal cornbelters,Fastball,BallCalled,Walk,90.47597910444767,2154.1405477409216,5.825079811413793,2.737653301330063,6.000000192000004,18.56903107972452,10.802943172450052,1.5903487290717149,1.397628059,10.802943172450052,2.737653301330063,7.7660879072744695,0.0079615805,0.12,0.62080735,0.24958964340388776,107.84353913836198
Wyatt Mammen,Normal cornbelters,Fastball,InPlay,Out,89.66380869,2104.403562178766,5.881195451338415,2.829335296821429,6.000000192000004,19.45170208579604,8.602579047135624,2.140837791776369,-0.1491056263713996,8.602579047135624,2.829335296821429,10.849123038660416,0.0016065356,0.03,0.5998357,0.21048074315612517,90.94523295462797
Brice Deaton,Normal cornbelters,Fastball,BallCalled,Walk,90.32432111507556,2194.133267838766,5.183916326157765,4.401501897232376,6.000000192000004,15.079316787637453,8.447947016619707,4.426977297902014,-0.3536900840858359,8.447947016619707,4.401501897232376,6.631369771017745,0.1904875,0.1,0.6975694,0.32935229142506917,142.30765446117618
Brice Deaton,Normal cornbelters,Fastball,BallCalled,Walk,90.57133165123376,2181.7931484773826,5.330335204396568,4.297373624017244,6.000000192000004,16.38359716,7.777653246764516,4.819183629,0.315268113,7.777653246764516,4.297373624017244,8.605943913235485,0.17116179,0.1,0.6911447,0.32076883018016816,138.5988834317262
Brice Deaton,Normal cornbelters,Fastball,InPlay,Out,90.36873197347651,2092.8924182235746,5.311211316881986,3.8829959483971015,6.000000192000004,16.080494213053754,7.721064222599368,2.7881746554053373,-0.6704582365274259,7.721064222599368,3.8829959483971015,8.359429990454386,0.019262863,0.04,0.42260036,0.1606210740158955,69.40169810671377
Aiden Cline,Lafayette aviators 2025,Fastball,StrikeSwinging,StrikeoutSwinging,93.33698838182072,2458.439408730802,5.590885054883278,1.6645313632489716,6.000000192000004,16.849333307178327,12.245077503992812,2.255643083209954,0.214330999,12.245077503992812,1.6645313632489716,4.604255803185515,0.9744912,0.79,0.9682012,0.9108974663416545,393.5836648617962
Zach O'Donnell,Normal cornbelters,Fastball,BallCalled,Walk,83.58497680155519,1763.9484696118116,5.485958555,-1.626672458,6.000000192000004,13.783773328074616,-16.40230006,4.367021984901579,2.56673481,16.40230006,1.626672458,2.6185267319253853,0.01402349,0.08,0.048727255,0.04758358185489973,20.560075338576315
Zach O'Donnell,Normal cornbelters,Sinker,InPlay,HomeRun,82.88671612102509,1935.114699457732,5.547710100949054,-1.898625418,6.000000192000004,15.072297359967504,-16.72907899,2.5576324507272448,0.337967843,16.72907899,1.898625418,1.6567816300324978,0.02872276,0.02,0.3589627,0.13589515800277394,58.718040504070665
Zach O'Donnell,Normal cornbelters,Fastball,InPlay,Out,83.39976542023484,1968.5085002929995,5.625367027661976,-1.200702358,6.000000192000004,16.58378954988674,-15.52039279,2.140098680463393,0.082982051,15.52039279,1.200702358,1.0633967598867375,0.08321431,0.01,0.42470166,0.1726386578877767,74.59429648123262
Zach O'Donnell,Normal cornbelters,Fastball,InPlay,Out,83.64415334013857,1976.43138775066,5.509968390152154,-1.66715675,6.000000192000004,14.735604582836125,-17.0458171,2.4095345632884664,1.365283871,17.0458171,1.66715675,2.310212517163876,0.039701674,0.0,0.4553791,0.16502692426244417,71.30539281544233
Rj Anglin,Lafayette aviators 2025,Fastball,InPlay,Single,92.50728115010996,2363.169840870816,5.901855238207526,1.4427282200541711,6.000000192000004,19.30080820609254,4.811495677420955,2.778948919793716,-0.1793507928448034,4.811495677420955,1.4427282200541711,14.489312528671586,0.23605125,0.25,0.969667,0.4852394213279088,209.66389394920432
Rj Anglin,Lafayette aviators 2025,Fastball,InPlay,Out,92.47620044870852,2210.61723,3.915288465187027,0.0379211753427521,6.000000192000004,-10.05314341,-12.87983019,1.0585661125662889,-0.4448002550168749,12.87983019,0.0379211753427521,22.9329736,0.06009007,0.26,0.9244021,0.4148307288189729,179.2414674305644
Graham Kasey,Normal cornbelters,Fastball,InPlay,Out,86.40840754108443,2047.8107759671188,4.498045986751974,-1.312382865,6.000000192000004,13.718078683785071,-14.56594475,2.284538931653361,0.032548722,14.56594475,1.312382865,0.8478660662149284,0.009235486,0.0,0.44913477,0.15279008448123932,66.01805760442664
Graham Kasey,Normal cornbelters,Fastball,StrikeCalled,StrikeoutLooking,86.90214989,2055.6559037505704,4.546120185,-1.718920698,6.000000192000004,15.775727302300108,-12.4371246,2.143809118338321,0.278251247,12.4371246,1.718920698,3.3386027023001077,0.033806175,0.01,0.49294978,0.17891865293184916,77.30777802673171
Graham Kasey,Normal cornbelters,Fastball,InPlay,Out,87.71828795191783,2051.729611406281,4.888377501396994,-1.720178192,6.000000192000004,15.399522108342286,-12.08253019,2.802204911705509,0.542450305,12.08253019,1.720178192,3.3169919183422856,0.016368402,0.01,0.4121445,0.14617097136874993,63.15804877444137
Alex Logan,Burlington bees 2025,Fastball,InPlay,Out,86.72233798270497,2242.424565,5.606737005801207,2.7501715085167464,6.000000192000004,17.87427298,7.051351918264771,1.8522994632354608,0.325950292,7.051351918264771,2.7501715085167464,10.82292106173523,0.010765599,0.05,0.96121407,0.3406598882128795,147.1934792098166
Alex Logan,Burlington bees 2025,Fastball,InPlay,Single,86.63986861038649,2285.8938588838823,5.207776493,3.993517701656802,6.000000192000004,16.77520180455275,3.422528761666201,2.2084823761484507,-0.0257607397608883,3.422528761666201,3.993517701656802,13.35267304288655,0.09342031,0.17,0.9819305,0.41511693537235256,179.36513252828283
Alex Logan,Burlington bees 2025,Fastball,InPlay,Out,86.38451110588444,2116.367894188622,5.533141418744806,3.1450741635696526,6.000000192000004,19.00993922742101,7.054085486225327,2.041917667413812,-0.099121562,7.054085486225327,3.1450741635696526,11.955853741195684,0.00054969866,0.0,0.8478688,0.2828061662730761,122.19584693138559
Graham Kasey,Normal cornbelters,Fastball,StrikeCalled,StrikeoutLooking,86.67356174713493,1940.0890487620488,4.793148678741955,-1.181324033,6.000000192000004,15.826287645502838,-11.20769135,2.1602878797022096,1.304608137,11.20769135,1.181324033,4.618596295502838,0.023150913,0.05,0.20912549,0.09409213413794836,40.65564825579529
Graham Kasey,Normal cornbelters,Fastball,StrikeSwinging,StrikeoutSwinging,87.55873231,2145.5637859147755,4.651032036437971,-2.161899693,6.000000192000004,16.62108160532062,-13.45724672,2.6441494820087845,1.041331967,13.45724672,2.161899693,3.163834885320618,0.0020350048,0.01,0.7124752,0.24150339513706665,104.3496055778485
Graham Kasey,Normal cornbelters,Fastball,StrikeSwinging,StrikeoutSwinging,86.54387990632216,2037.4816336571128,4.545262252405626,-2.093471284,6.000000192000004,14.950449307089944,-14.3995538,2.8761852254815,0.985980758,14.3995538,2.093471284,0.550895507089944,0.008010705,0.01,0.3811321,0.13304760035127403,57.48765814184525
Alex Logan,Burlington bees 2025,Fastball,BallCalled,Walk,85.41369319798925,2127.5557825310016,5.396881324,5.011096523084959,6.000000192000004,18.27053811134901,5.680841026373123,2.076048140653937,-1.0925777572455588,5.680841026373123,5.011096523084959,12.589697084975885,0.008833538,0.2,0.890261,0.3663648440813025,158.30016367172067
Alex Logan,Burlington bees 2025,Fastball,InPlay,Double,84.95249566705135,2161.192474999537,5.351734328102849,2.685330165,6.000000192000004,18.764026248913485,7.248466547,1.942860127539324,0.063939666,7.248466547,2.685330165,11.515559701913485,0.0002200979,0.0,0.94132775,0.31384928286327823,135.60906197234291
Alex Logan,Burlington bees 2025,Fastball,InPlay,Out,86.49819413150983,2156.967123099892,5.390384576827055,3.287216327578147,6.000000192000004,18.92334599087343,7.153343393162607,2.6238890055401454,-0.5477508464528223,7.153343393162607,3.287216327578147,11.770002597710821,0.0002136004,0.0,0.9000912,0.3001015905562478,129.66891248073824
Alex Logan,Burlington bees 2025,Fastball,InPlay,Out,85.15845596,2162.6734478348644,5.487488075709821,2.5546208097508223,6.000000192000004,18.947324468248752,5.501451931653923,2.886504317883713,-0.3409256290063589,5.501451931653923,2.5546208097508223,13.445872536594829,0.00026503945,0.0,0.9498468,0.316703947862455,136.8425153014438
Graham Kasey,Normal cornbelters,Fastball,InPlay,Out,86.64995338299794,1920.6375595282884,4.574613254229846,-0.71739402,6.000000192000004,13.836663188318486,-13.91953482,2.1822389657724925,0.279161807,13.91953482,0.71739402,0.08287163168151501,0.018287476,0.0,0.117141746,0.045143074045578636,19.50557245190767
Graham Kasey,Normal cornbelters,Fastball,InPlay,Out,87.58350647930183,2016.025395891489,4.782880363164392,-1.834237018,6.000000192000004,15.388930035872528,-11.88373609,2.7366487434949827,0.178876008,11.88373609,1.834237018,3.505193945872529,0.012097,0.02,0.3149509,0.11568263777842125,49.984546252578184
Alex Logan,Burlington bees 2025,Fastball,InPlay,Out,85.28965574389574,2201.348119335562,5.296428897394053,3.082097993613565,6.000000192000004,16.864287578034716,6.181659649814635,1.948647103887461,-0.062045824,6.181659649814635,3.082097993613565,10.682627928220082,0.0014599597,0.0,0.9562858,0.3192485781231274,137.94200776982885
Alex Logan,Burlington bees 2025,Fastball,BallCalled,Walk,88.15678118150389,2205.487570622912,5.450111456237971,2.191101342521792,6.000000192000004,18.406621567915337,6.1852192070350345,1.0757094834260008,2.011053537,6.1852192070350345,2.191101342521792,12.221402360880303,0.011582684,0.0,0.9209406,0.3108410872519016,134.30927061591083
Alex Logan,Burlington bees 2025,Fastball,InPlay,HomeRun,84.34441454669131,2148.2123985079265,5.5923587429539845,1.461044885056446,6.000000192000004,18.41140808362036,5.629521317,2.0482667610954133,0.599535147,5.629521317,1.461044885056446,12.781886766620358,0.0022047143,0.02,0.95377386,0.3253261901686589,140.56804298331497
Mitchell Cox,Burlington bees 2025,Sinker,BallCalled,Walk,78.42575504109016,2040.7448445161176,4.586015501109518,-1.095371213,6.000000192000004,8.113108290759364,-7.798908885,2.3722458775716864,2.064439829,7.798908885,1.095371213,0.31419940575936334,0.0340688,0.01,0.9020174,0.31536207169294356,136.2627128976583
Mitchell Cox,Burlington bees 2025,Sinker,InPlay,Single,77.61648312632015,2106.800930318652,4.081408636139708,-0.617666107,6.000000192000004,6.335562593141141,-5.818006682,1.540004164828388,-0.085630487,5.818006682,0.617666107,0.517555911141141,0.013843031,0.02,0.96897733,0.3342734542613228,144.43400718038325
Mitchell Cox,Burlington bees 2025,Sinker,InPlay,Single,79.26718615,2067.273480234176,4.518104164841208,-1.029647105,6.000000192000004,10.225822959646088,-7.826012089,2.333080665152148,-1.0152825099134892,7.826012089,1.029647105,2.399810870646088,0.013843031,0.0,0.9265447,0.313462585521241,135.44197647403476
Toby Schriefer,Normal cornbelters,Fastball,InPlay,Out,88.98383286548275,2141.650944655461,6.306741583530953,1.084696987654246,6.000000192000004,21.72082864946137,5.602522337,4.288961670684654,0.26327371,5.602522337,1.084696987654246,16.11830631246137,0.008779578,0.1,0.8601191,0.322966227432092,139.54834228469994
Toby Schriefer,Normal cornbelters,Fastball,StrikeCalled,StrikeoutLooking,89.75554770160862,2254.8065694367174,5.882520618103099,1.860184828835254,6.000000192000004,21.612350592384185,8.154847571423007,2.3202044963783,-1.1287225540726824,8.154847571423007,1.860184828835254,13.457503020961179,0.23120695,0.25,0.9399234,0.4737101197242737,204.68227423224522
Toby Schriefer,Normal cornbelters,Fastball,InPlay,Out,88.63263827925603,2168.72434,6.048382669,3.180290458160932,6.000000192000004,21.336232544032,6.998944385819658,3.438925967635364,-0.3064065789769352,6.998944385819658,3.180290458160932,14.337288158212342,0.019645143,0.04,0.8736731,0.31110607489943504,134.42376737686698
Mitchell Cox,Burlington bees 2025,Sinker,InPlay,Out,77.21749261961098,2053.3204189311523,4.387682287,-0.502717762,6.000000192000004,7.423199617136106,-6.450858569,2.852710866363429,0.351490112,6.450858569,0.502717762,0.9723410481361059,0.013843031,0.01,0.9479273,0.3239234422768156,139.96193891941172
Mitchell Cox,Burlington bees 2025,Sinker,InPlay,Out,78.68307999764514,2269.520665,4.122832456675103,-0.267162412,6.000000192000004,9.002233771782755,-4.832102358,3.4604520325341857,0.345666824,4.832102358,0.267162412,4.170131413782755,0.022619458,0.14,0.9966559,0.38642511310676736,166.96787270912253
Toby Schriefer,Normal cornbelters,Fastball,StrikeSwinging,StrikeoutSwinging,89.60619850768231,2289.4543814486506,6.157840076747878,1.7349243852107123,6.000000192000004,21.736152126573906,7.1167631813083965,4.460509949784005,0.284377959,7.1167631813083965,1.7349243852107123,14.61938894526551,0.870416,0.63,0.9673427,0.8225862201054891,355.4258422456712
Toby Schriefer,Normal cornbelters,Fastball,InPlay,Single,88.80967379731946,2162.0957440421384,6.0204693602752215,2.232230564776904,6.000000192000004,21.13411044401303,7.220343519498363,2.729182879450119,-0.1604237213098112,7.220343519498363,2.232230564776904,13.913766924514665,0.014675951,0.08,0.86102724,0.3185677304615577,137.6478248043965
Dylan Eggl,Burlington bees 2025,Fastball,InPlay,Out,88.56833126480235,2150.342112372797,5.521334331931392,3.026445719608842,6.000000192000004,15.472215070409092,13.886196638737992,2.9529356270433875,-1.1701420836467156,13.886196638737992,3.026445719608842,1.5860184316711,0.0060155275,0.0,0.59430003,0.2001051863965889,86.4621272206746
Dylan Eggl,Burlington bees 2025,Fastball,InPlay,Single,87.57559571992473,1982.197122802656,5.367837702780997,2.785047308274589,6.000000192000004,15.611832562288278,14.027927761274064,2.2504739476221323,-0.2346122305739966,14.027927761274064,2.785047308274589,1.5839048010142136,0.0005864252,0.0,0.17807357,0.05955333177310725,25.732005456252466
Dylan Eggl,Burlington bees 2025,Sinker,InPlay,StrikeoutSwinging,84.09252739945765,2129.129415545456,5.044615434595631,2.111265790422704,6.000000192000004,7.623758642293012,0.3508799756915815,0.9346036124070912,0.956498307,0.3508799756915815,2.111265790422704,7.2728786666014305,0.0056376834,0.03,0.9027272,0.3127882900399466,135.15062459686524
Dylan Eggl,Burlington bees 2025,Fastball,InPlay,Out,87.96380558795398,2054.2424895548684,5.390664863979605,2.511142285034944,6.000000192000004,14.535446410383056,13.57393695153663,1.9964050111742184,0.708273506,13.57393695153663,2.511142285034944,0.9615094588464252,0.00077130494,0.0,0.32479632,0.10852254131653656,46.89078750325309
Eli Tritinger,Normal cornbelters,Fastball,InPlay,Single,91.58840160764382,2039.0143993744573,5.155244773627096,2.474229158265459,6.000000192000004,15.745988996490706,13.93670967567735,2.213758920099488,0.205187267,13.93670967567735,2.474229158265459,1.8092793208133564,0.031155271,0.02,0.11940123,0.056852167621254925,24.564877293574508
Eli Tritinger,Normal cornbelters,Fastball,BallCalled,Walk,92.32815724037448,2119.3220185454647,5.428170408934852,1.878163988955601,6.000000192000004,17.66307596490618,11.97281950574332,0.2321244696007646,1.050828419,11.97281950574332,1.878163988955601,5.69025645916286,0.048841063,0.12,0.33086196,0.16656767293810845,71.97112472579047
Eli Tritinger,Normal cornbelters,Fastball,InPlay,Double,92.46316763038864,2034.206930030673,5.1616726739776615,3.047221550714775,6.000000192000004,16.73341553424289,11.209457181112588,3.471859731262562,-0.1280173355210093,11.209457181112588,3.047221550714775,5.523958353130302,0.059800383,0.05,0.11953607,0.076445484906435,33.03082424024076
Eli Tritinger,Normal cornbelters,Fastball,BallCalled,Walk,92.57342825,2176.725729747588,5.255377769530509,1.8525076586265028,6.000000192000004,17.022935840630105,11.698751005435753,2.0031649464412484,1.307155116,11.698751005435753,1.8525076586265028,5.324184835194352,0.091299154,0.1,0.48873976,0.22667963753143947,97.94450614456349
Mitchell Cox,Burlington bees 2025,Fastball,InPlay,Out,88.70865473639253,2030.724097876002,5.514564523133439,2.294546593870207,6.000000192000004,13.673421945951173,12.25503489771917,2.179064177199897,0.733317542,12.25503489771917,2.294546593870207,1.4183870482320025,0.05460258,0.02,0.22744706,0.10068321367104849,43.503544241774605
Mitchell Cox,Burlington bees 2025,Fastball,InPlay,Out,88.44584247237427,1983.0675294843224,5.387253238702253,2.275999037028236,6.000000192000004,13.722268754634277,12.683081034072393,2.042363281817527,-0.3294888358501531,12.683081034072393,2.275999037028236,1.039187720561884,0.015668714,0.0,0.1403578,0.05200884056588014,22.472156122404062
Wyatt Mammen,Normal cornbelters,Fastball,InPlay,Double,89.90770273192084,1753.5358449985858,5.405560386230781,3.218913528709435,6.000000192000004,15.179036205226764,10.987118059537076,3.437714658048784,0.802539948,10.987118059537076,3.218913528709435,4.191918145689687,0.006259216,0.03,0.0060410164,0.01410007747511069,6.092409269483936
Braeden Sunken,Burlington bees 2025,Fastball,StrikeSwinging,StrikeoutSwinging,87.84314759711539,1943.5491176917665,5.346581353554044,2.5494828674109846,6.000000192000004,17.95225798073393,10.486109200787176,3.694559272058184,0.08399442,10.486109200787176,2.5494828674109846,7.466148779946753,0.00040433288,0.0,0.18423419,0.06154617329593748,26.5930791764313
Braeden Sunken,Burlington bees 2025,Fastball,InPlay,Single,86.99955832,1947.387272527236,5.499980092808876,2.2737713706073968,6.000000192000004,18.54942098760078,11.53886511608935,1.9048115480162795,0.259081571,11.53886511608935,2.2737713706073968,7.01055587151143,0.00046618216,0.0,0.23225491,0.07757369654912812,33.51830575103503
Braeden Sunken,Burlington bees 2025,Fastball,InPlay,Out,87.60903775694626,1904.4091193477104,5.216700880667477,2.671806986651021,6.000000192000004,16.956078956753103,12.972838216491176,3.267610771363896,-0.5881687272047483,12.972838216491176,2.671806986651021,3.9832407402619268,0.0014102202,0.02,0.08997011,0.03712677733817448,16.04186379829694
Nick Krueger,Normal cornbelters,Fastball,InPlay,Out,85.48252679312446,2118.2119929717137,5.673288691570366,1.6955985370089477,6.000000192000004,19.77093498789623,7.06982023,2.859468424867642,-0.4203196361874832,7.06982023,1.6955985370089477,12.701114757896228,0.0030414173,0.01,0.90281826,0.3052865599716703,131.90925164087912
Nick Krueger,Normal cornbelters,Fastball,InPlay,Out,84.59045308,2113.76941,5.800422293901134,2.114961177475552,6.000000192000004,18.91257821394668,5.153248882015896,2.374501323195586,0.066697314,5.153248882015896,2.114961177475552,13.759329331930784,0.0019202965,0.02,0.92614496,0.31602175133458027,136.54774951328622
Braeden Sunken,Burlington bees 2025,Fastball,InPlay,HomeRun,87.85759830524357,2049.5615167793408,5.102304398148283,3.154134144639756,6.000000192000004,17.213419595746572,11.74243524,2.482835549976413,-0.188977186856158,11.74243524,3.154134144639756,5.470984355746571,0.00501023,0.01,0.41896322,0.14465781789893906,62.504240294175894
Zach Courson,Normal cornbelters,Fastball,InPlay,Out,90.21493584330229,2205.489726857356,5.686388338103366,3.141240128137845,6.000000192000004,15.674003624568972,16.543102421359443,3.559104804463244,-0.9862024922639668,16.543102421359443,3.141240128137845,0.8690987967904711,0.033799667,0.05,0.6229745,0.23559139395753545,101.79512806870324
Zach Courson,Normal cornbelters,Fastball,InPlay,Error,88.92047413882625,2175.431437560014,5.432721813694659,2.886331527669887,6.000000192000004,17.343692163013756,15.11660183610742,2.656804605254082,-0.7301698808304327,15.11660183610742,2.886331527669887,2.2270903269063353,0.0030997677,0.01,0.6654639,0.22618789737733702,97.73203339196199
Zach O'donnell,Normal cornbelters,Fastball,BallCalled,Walk,82.61810602,1930.397203,5.300952883,-0.26772574,6.000000192,15.75198083,-15.78921227,1.278209711,0.049148321,15.78921227,0.26772574,0.03723143999999934,0.01402349,0.01,0.357882,0.12730182776848475,55.00500524823361
Reese Ellison,Burlington bees 2025,Fastball,InPlay,Single,76.49748445,1971.144202,5.383836,-3.475024825,6.000000192,13.73570016,-7.02977035,1.844640807,0.738458905,7.02977035,3.475024825,6.705929810000001,0.0109220445,0.01,0.91375315,0.3115583988030752,134.61920902236227
Reese Ellison,Burlington bees 2025,Fastball,InPlay,Single,74.27859888,1470.970779,4.844139545,-1.162560223,6.000000192,12.82701948,-8.775809308,1.699912029,-0.301009647,8.775809308,1.162560223,4.051210172000001,0.026899762,0.02,0.024020514,0.023640091990431152,10.214491078377925
Reese Ellison,Burlington bees 2025,Fastball,InPlay,Single,78.94115104,2079.543083,5.052431606,-5.688252922,6.000000192,13.22492451,-7.016871169,2.436425244,0.570316255,7.016871169,5.688252922,6.208053340999999,0.049589057,0.2,0.942698,0.39742901946107545,171.72247786585723
Zach O'donnell,Normal cornbelters,Fastball,InPlay,Out,82.74482987,1868.061218,5.521920062,-0.410996145,6.000000192,14.82618549,-16.1294594,1.792691275,1.267085085,16.1294594,0.410996145,1.303273909999998,0.05789542,0.01,0.20669305,0.09152949050068855,39.54837250659568
Reese Ellison,Burlington bees 2025,Fastball,Foul,Out,75.84691774,1924.715968,4.990812552,-0.412432161,6.000000192,13.42094946,-6.65391382,3.482219425,0.314106555,6.65391382,0.412432161,6.76703564,0.005206396,0.06,0.90226257,0.32248965478191777,139.34242315860794
Zach O'donnell,Normal cornbelters,Fastball,InPlay,Out,82.27852924,1852.339748,5.39018339,1.066064031,6.000000192,14.8753283,-16.13365601,2.376573351,0.056230744,16.13365601,1.066064031,1.2583277099999997,0.01402349,0.02,0.18815075,0.07405807962020239,31.999266071746057
Zach O'donnell,Normal cornbelters,Fastball,InPlay,Single,82.58672805,1869.020912,5.54656416,-1.083251391,6.000000192,15.11201702,-15.70626377,1.936970587,0.631616775,15.70626377,1.083251391,0.5942467499999999,0.05789542,0.0,0.19560777,0.08450106158852577,36.511505118458636
Zach O'donnell,Normal cornbelters,Fastball,InPlay,Out,77.47595459,1299.846975,5.631407588,-1.208211799,6.000000192,7.670198883,-17.14770988,1.179619604,0.443045477,17.14770988,1.208211799,9.477510997,0.014828827,0.0,0.001540001,0.005456276082744201,2.357566264586309
Reese Ellison,Burlington bees 2025,Fastball,InPlay,Out,78.34489276,1993.15073,5.256870912,-0.42809365,6.000000192,14.84068069,-8.657840129,2.563397488,-0.243916123,8.657840129,0.42809365,6.182840560999999,0.017133221,0.04,0.90616345,0.3210988916953405,138.7414975299881
Reese Ellison,Burlington bees 2025,Fastball,InPlay,Out,79.07660266,2077.728187,5.439522461,-1.411032616,6.000000192,15.10420526,-7.044802771,2.909364196,-0.740103807,7.044802771,1.411032616,8.059402489,0.003588922,0.0,0.9636699,0.32241960607158643,139.3121562744088
Reese Ellison,Burlington bees 2025,Fastball,InPlay,Single,78.71431328,2033.920039,5.261152429,-1.728866655,6.000000192,12.65770866,-9.619238083,2.184712795,-0.064003871,9.619238083,1.728866655,3.038470577,0.019839725,0.04,0.9048211,0.32155360745886963,138.93797265841172
Reese Ellison,Burlington bees 2025,Fastball,BallCalled,Walk,79.12836476,2067.702197,5.177240535,-0.037212818,6.000000192,14.16536302,-9.830284124,2.900083762,-1.55636987,9.830284124,0.037212818,4.335078895999999,0.051297892,0.22,0.94556904,0.4056223100920518,175.26266265390885
Zach O'donnell,Normal cornbelters,Fastball,BallCalled,Walk,82.92601645,1939.77405,5.569301527,-0.711553221,6.000000192,16.0854888,-15.1230919,2.492570369,-0.952187881,15.1230919,0.711553221,0.9623968999999999,0.09871255,0.05,0.37646443,0.17505899171034497,75.64008252332277
Zach O'donnell,Normal cornbelters,Fastball,InPlay,Out,81.20161404,1807.984635,5.460543689,-1.188277939,6.000000192,14.48722335,-16.3853168,2.248427418,1.237220903,16.3853168,1.188277939,1.8980934499999975,0.01402349,0.06,0.16032293,0.07811547487974167,33.75239916855433
Zach O'donnell,Normal cornbelters,Fastball,InPlay,Out,82.34873095,1792.177782,5.277292173,-0.75828143,6.000000192,15.15134232,-14.90622037,3.574769186,1.823481206,14.90622037,0.75828143,0.2451219499999997,0.012039808,0.06,0.08552496,0.05252158965915441,22.693706488655444
Reese Ellison,Burlington bees 2025,Fastball,InPlay,Out,78.74056854,1971.254212,4.906787282,-1.17169281,6.000000192,13.85152247,-8.38833956,3.130029858,0.470190701,8.38833956,1.17169281,5.4631829100000004,0.021338236,0.02,0.8479396,0.29642594868938127,128.08072868383857
Eli Woodall,Normal cornbelters,Fastball,StrikeSwinging,StrikeoutSwinging,89.45265167,2114.448803,5.043820229,2.549449243,6.000000192,18.07347548,11.99868697,3.618471902,-0.583997635,11.99868697,2.549449243,6.074788509999999,0.72605807,0.59,0.5369644,0.6176741607983907,266.8867450843056
Eli Woodall,Normal cornbelters,Fastball,StrikeCalled,StrikeoutLooking,89.21089151,2242.896675,5.116568269,2.441991449,6.000000192,19.53497858,12.16819267,1.957206047,1.020310428,12.16819267,2.441991449,7.366785910000001,0.16044016,0.12,0.8900969,0.39017902155717216,168.58987419673215
Eli Woodall,Normal cornbelters,Fastball,InPlay,Single,88.22403343,1968.11236,5.245807902,2.109595465,6.000000192,17.99121959,12.65113694,2.156934332,0.575050285,12.65113694,2.109595465,5.340082649999999,0.040912695,0.02,0.18746181,0.08279150118430456,35.77283246422642
Eli Woodall,Normal cornbelters,Fastball,InPlay,Out,89.06126072,2128.041629,5.28450152,2.397369915,6.000000192,18.91166537,11.82696708,2.844918115,0.295536012,11.82696708,2.397369915,7.084698290000002,0.008151602,0.0,0.63852435,0.21555865183472633,93.13931294870686
Trey Bryant,Normal cornbelters,Fastball,InPlay,Out,76.23367464,1654.763148,5.074515625,1.381502039,6.000000192,19.07474181,9.06191447,2.552406918,-0.694855622,9.06191447,1.381502039,10.01282734,0.0031440642,0.01,0.22105548,0.07806651402575275,33.73124399680364
Trey Bryant,Normal cornbelters,Fastball,InPlay,Out,77.29651394,1660.392372,5.206726334,0.907648454,6.000000192,19.45810723,8.191921264,2.927714234,-0.201870004,8.191921264,0.907648454,11.266185966,0.0012939995,0.0,0.20493224,0.06874208070803434,29.70231124250992
Erick Mckendry,Burlington bees 2025,Fastball,BallCalled,Walk,83.23441113,1976.818146,5.264840442,3.271008802,6.000000192,20.25567009,6.11276972,4.97875726,-0.464888704,6.11276972,3.271008802,14.14290037,0.0007990455,0.01,0.74783957,0.2528795385120126,109.26504816820596
Erick Mckendry,Burlington bees 2025,Fastball,InPlay,Out,80.43559828,1919.114111,5.159983953,1.990124676,6.000000192,21.34835806,8.681905241,1.970322812,0.08351971,8.681905241,1.990124676,12.666452818999998,0.0026527669,0.0,0.76225185,0.25496820694146055,110.16752710301387
Zach Leuschen,Burlington bees 2025,Fastball,InPlay,Out,77.65312303,2054.835787,5.183365399,-1.75895882,6.000000192,11.14937575,-19.53662813,2.682181063,0.58513774,19.53662813,1.75895882,8.38725238,0.0027204368,0.0,0.9689581,0.32389283886489767,139.94871569345602
Wyatt Mammen,Normal cornbelters,Fastball,InPlay,Single,89.63602678,1902.548529,5.701006688,3.045022068,6.000000192,16.19916889,8.513814693,3.187715325,-0.090236965,8.513814693,3.045022068,7.685354196999999,0.0026071824,0.02,0.06651962,0.029708933467045427,12.836736674717326
Wyatt Mammen,Normal cornbelters,Fastball,BallCalled,Walk,90.13945421,2092.554843,5.56615816,3.001638689,6.000000192,17.75370739,8.202589933,2.308742277,1.434738981,8.202589933,3.001638689,9.551117456999998,0.011624361,0.07,0.48758075,0.1897350359335542,81.98135745763898
Wyatt Mammen,Normal cornbelters,Fastball,InPlay,Out,89.59012146,2146.842351,5.69108583,3.624556407,6.000000192,17.78587141,10.6652166,3.815335747,-0.350056657,10.6652166,3.624556407,7.120654809999998,0.10578825,0.05,0.6317637,0.2625173166394234,113.42937200999437
Jake Fenton,Normal cornbelters,Fastball,InPlay,FieldersChoice,87.07371138,1871.911213,4.912050115,2.785796897,6.000000192,15.01261584,10.68630708,3.029457463,0.033063582,10.68630708,2.785796897,4.32630876,0.005339129,0.0,0.07295155,0.026096892232696216,11.276033654698312
Zach Leuschen,Burlington bees 2025,Fastball,InPlay,Single,85.37184568,1913.090781,4.457423014,-1.41202633,6.000000192,13.12506283,-12.5571022,1.916925727,0.141506922,12.5571022,1.41202633,0.56796063,0.018287476,0.0,0.15255961,0.0569490281244119,24.60672910809979
Zach Leuschen,Burlington bees 2025,Fastball,InPlay,Out,85.59438104,2050.897739,4.323072406,0.342476054,6.000000192,12.20190831,-13.80054892,2.525241235,0.260948897,13.80054892,0.342476054,1.5986406100000004,0.009235486,0.02,0.5658525,0.19836266974608105,85.70921471983739
Alec Bergman,Normal cornbelters,Fastball,StrikeCalled,StrikeoutLooking,91.3892467,2109.520411,5.406656267,0.492449347,6.000000192,18.08202124,9.985872829,1.850222869,1.022110664,9.985872829,0.492449347,8.096148411,0.015444871,0.09,0.4596813,0.1883753911157449,81.39387751606779
Alec Bergman,Normal cornbelters,Fastball,InPlay,Out,91.62171333,1889.20581,5.542825888,1.002290063,6.000000192,17.15332974,7.834697915,2.396780018,0.401638443,7.834697915,1.002290063,9.318631825,0.012673598,0.01,0.04283198,0.02183519249161085,9.434623984987121
Alec Bergman,Normal cornbelters,Fastball,StrikeSwinging,StrikeoutSwinging,92.77308393,2256.637416,5.559436877,0.487067419,6.000000192,18.69237973,7.972099889,2.184757242,1.045150942,7.972099889,0.487067419,10.720279841,0.76796913,0.63,0.83772725,0.745232126712799,322.0024233708433
Luka Zachman,Normal cornbelters,Fastball,InPlay,Out,84.40166378943567,2123.1583662328767,5.665797353578629,4.096899146441853,6.000000192000004,19.64429228179108,4.388361981825367,2.8946277616975604,0.6953644166171706,4.388361981825367,4.096899146441853,15.255930299965714,0.05464871,0.13,0.9376901,0.37411292925477024,161.64798257661042
Luka Zachman,Normal cornbelters,Fastball,StrikeSwinging,StrikeoutSwinging,85.64030435001416,2290.8644167884827,5.601632967217567,2.156333245419668,6.000000192000004,18.423919850921937,1.997727420519868,3.8148855693469206,0.4941824460290612,1.997727420519868,2.156333245419668,16.426192430402068,0.031715207,0.42,0.9922482,0.48132112811009087,207.97086453408738
Ab Trier,Danville dans 2025,Sinker,InPlay,Out,84.21081740023592,1794.9849136755556,5.467819620191226,3.405167092619604,6.000000192000004,6.56372919337241,15.525647000900433,2.566898950167579,0.275173111537304,15.525647000900433,3.405167092619604,8.961917807528023,0.013424635,0.04,0.09696696,0.05013053148984909,21.660569970060774
Ab Trier,Danville dans 2025,Sinker,InPlay,Out,88.32848071185225,1818.691517146788,5.437384645483276,3.584173068474988,6.000000192000004,7.723376576584247,15.009884564174945,2.4102221475170653,-0.1611075264938594,15.009884564174945,3.584173068474988,7.2865079875906975,0.008996352,0.0,0.03148807,0.013494806674619516,5.830881810363968
Luka Zachman,Normal cornbelters,Fastball,InPlay,Out,84.59776827158804,2253.154133249227,6.0207283959119575,3.267003226208844,6.000000192000004,16.919923180776244,0.3500659980125568,3.204716125092816,0.1497501763329135,0.3500659980125568,3.267003226208844,16.569857182763688,0.1369983,0.28,0.9899494,0.46898256699244184,202.63957722322323
Luka Zachman,Normal cornbelters,Fastball,StrikeSwinging,StrikeoutSwinging,84.22693166017014,2245.2567570641468,5.992392962690847,3.356800751655761,6.000000192000004,18.179843061222588,1.6070523524511866,4.009782488723913,0.8980383326311618,1.6070523524511866,3.356800751655761,16.5727907087714,0.91672456,0.71,0.9900166,0.8722470474243164,376.8834608453938
Luka Zachman,Normal cornbelters,Fastball,InPlay,Out,84.69888026494151,2190.4455526071674,5.601389528974872,2.735705822879584,6.000000192000004,18.573208324897823,3.317405643252178,2.6403319833032444,0.0973033855208361,3.317405643252178,2.735705822879584,15.255802681645646,0.014881764,0.05,0.9742837,0.3463884862760703,149.66871127878485
Ab Trier,Danville dans 2025,Sinker,InPlay,Error,84.42332816753924,1792.7757617219331,5.209663986616647,4.642490953155672,6.000000192000004,6.950254063109,16.493046128897323,2.800925558462396,1.5258602838646913,16.493046128897323,4.642490953155672,9.542792065788323,0.019654104,0.04,0.085962765,0.048538956468304,20.972876839901975
Ab Trier,Danville dans 2025,Sinker,InPlay,Single,89.07613005085747,1906.43487834884,5.151955171599374,3.3632319362846945,6.000000192000004,8.094736118739569,16.25880244069282,2.997080016639951,0.2029888964842967,16.25880244069282,3.3632319362846945,8.16406632195325,0.022948164,0.01,0.08553213,0.039493431101242704,17.064455578322793
Ab Trier,Danville dans 2025,Sinker,InPlay,Single,85.55658879510695,1813.192685686324,5.353990383516847,3.794360275971222,6.000000192000004,7.927009960802071,15.41612351342502,2.6740766703835845,0.0573762780086105,15.41612351342502,3.794360275971222,7.48911355262295,0.0044398373,0.0,0.068833925,0.02442458737641573,10.553458503902819
Ab Trier,Danville dans 2025,Sinker,InPlay,Out,87.50205014436746,2011.585524643889,5.181350990926389,2.3682422223042034,6.000000192000004,7.650236088329642,15.047193807826195,2.2130866306654893,0.8746526044257537,15.047193807826195,2.3682422223042034,7.3969577194965535,0.001252962,0.0,0.38850096,0.1299179735748718,56.13539839602224
Luka Zachman,Normal cornbelters,Fastball,StrikeSwinging,StrikeoutSwinging,81.28874112979372,2165.799738053667,5.510635356024538,3.847721753960718,6.000000192000004,19.79674875054393,2.678005945135503,3.767726997315152,-0.7016925011541338,2.678005945135503,3.847721753960718,17.118742805408427,0.79132444,0.77,0.9890633,0.8501292530695598,367.32672928946306
Luka Zachman,Normal cornbelters,Fastball,BallCalled,Walk,81.6039702574062,2180.339319907596,5.901845094702874,2.559722666047036,6.000000192000004,18.515812669411662,3.242607208337037,1.0206578055480022,0.3736026373987144,3.242607208337037,2.559722666047036,15.273205461074625,0.03480415,0.11,0.989005,0.37793639322121936,163.3000378473599
Luka Zachman,Normal cornbelters,Fastball,InPlay,Out,81.4889678209941,2205.029814567231,5.850979575208035,2.220962343419,6.000000192000004,19.760309869454368,4.051591350714465,2.79453919521819,0.1540062945694344,4.051591350714465,2.220962343419,15.708718518739904,0.055275757,0.13,0.9929211,0.3927322902778784,169.69309920020982
Ab Trier,Danville dans 2025,Sinker,StrikeCalled,StrikeoutLooking,87.29873833666444,1908.76895796981,5.101675417769693,4.569556759549405,6.000000192000004,8.342946116366452,16.43886524597407,1.917292864375851,0.0798361467970918,16.43886524597407,4.569556759549405,8.09591912960762,0.009264144,0.01,0.1329215,0.050728548703094324,21.91896327461654
Ab Trier,Danville dans 2025,Sinker,InPlay,Out,88.03717810886883,1893.7620724705896,5.094905170867676,4.687214965629559,6.000000192000004,6.234689544287779,16.16977509628123,1.6359220599771502,-0.4623299906727357,16.16977509628123,4.687214965629559,9.935085551993453,0.027317353,0.01,0.10641997,0.04791244188944499,20.702170297016295
Ab Trier,Danville dans 2025,Sinker,InPlay,Out,86.97825696773805,1852.4812368891423,5.122253856978605,3.776052174440404,6.000000192000004,8.042663762250395,16.03621213055124,1.381351400061982,0.0861842840262401,16.03621213055124,3.776052174440404,7.993548368300846,0.008624419,0.0,0.0778497,0.028824706561863422,12.454676916324711
Eli Tritinger,Normal cornbelters,Fastball,InPlay,Out,91.83066426140776,2132.719267571375,5.209934257851609,2.8458369159625088,6.000000192000004,16.566139870935313,13.678190730257928,2.271358139104235,0.5750416913310616,13.678190730257928,2.8458369159625088,2.887949140677385,0.002780445,0.03,0.3234459,0.11874211043119431,51.306493566867026
Eli Tritinger,Normal cornbelters,Fastball,InPlay,Out,92.84471267158897,2169.886823852806,5.18855233818547,0.9545525966936366,6.000000192000004,13.763709126997725,15.604231010762131,2.1558381430376907,-0.169642038148428,15.604231010762131,0.9545525966936366,1.8405218837644064,0.023059973,0.08,0.37376046,0.15894014510015647,68.67539664307506
Eli Tritinger,Normal cornbelters,Fastball,BallCalled,Walk,90.97358790826613,2140.070656744541,5.193498752210734,3.101934128665917,6.000000192000004,16.67877598969487,15.1430183180762,1.5311447077687117,0.6041141345201112,15.1430183180762,3.101934128665917,1.5357576716186703,0.002780445,0.06,0.37068695,0.144489131073157,62.431353518706146
Eli Tritinger,Normal cornbelters,Fastball,InPlay,Out,91.46516463318468,2201.3005725599514,5.068019480053943,2.7697103071017217,6.000000192000004,16.785454123778,14.748689041894242,2.502340821315133,-0.1173476714391758,14.748689041894242,2.7697103071017217,2.0367650818837575,0.010636717,0.09,0.5545146,0.21838376800219217,94.35999871844251
Ab Trier,Danville dans 2025,Sinker,InPlay,Out,86.85169763775212,1730.0993082678588,5.2145441939411805,3.005437654123416,6.000000192000004,5.929557516758049,14.489974991039311,2.196141101058817,-0.5170611482107484,14.489974991039311,3.005437654123416,8.560417474281262,0.00021589342,0.0,0.018896874,0.006370922487500745,2.7527697834659226
Ab Trier,Danville dans 2025,Sinker,InPlay,Out,86.97414267071038,1993.6755028545736,5.102404863561273,3.1443122300795605,6.000000192000004,8.493758786377331,16.606562586029032,1.877604316599298,0.332302018461134,16.606562586029032,3.1443122300795605,8.1128037996517,0.0005620246,0.01,0.37487546,0.12847916022952025,55.513711048718626
Logan Barnett,Normal cornbelters,Sinker,HitByPitch,Walk,86.50565992483229,1931.3453027738,6.278713487426165,4.6717949416152535,6.000000192000004,15.036456500818892,10.753084017326476,3.140038078141055,-2.764584684789372,10.753084017326476,4.6717949416152535,4.283372483492416,0.11196201,0.29,0.14592308,0.18262836366891863,78.91068241654952
Ab Trier,Danville dans 2025,Sinker,BallCalled,Walk,85.17743770542582,1922.7797116208808,5.118040750837278,2.829904110034434,6.000000192000004,5.8885393908473205,15.92092394833168,1.8592948389108173,-1.677143061295412,15.92092394833168,2.829904110034434,10.03238455748436,0.00061763084,0.0,0.34170502,0.11410755169345066,49.303977718025884
Logan Barnett,Normal cornbelters,Fastball,InPlay,Out,87.36480689857113,2058.695687096856,5.617177436694996,4.692473080543127,6.000000192000004,12.786167876942836,9.239821316028388,2.022936000953387,0.1649579010442173,9.239821316028388,4.692473080543127,3.546346560914447,0.017270498,0.03,0.402325,0.14986516743898393,64.75424953442392
Eli Woodall,Normal cornbelters,Fastball,InPlay,Out,88.74510611731387,2173.1758539629286,5.309603316062939,3.215390940466415,6.000000192000004,17.574953669457987,14.424752367570912,2.7329938187071168,0.0851258071678492,14.424752367570912,3.215390940466415,3.1502013018870745,0.0030997677,0.0,0.6873143,0.23013801321697733,99.43881283338283
Eli Woodall,Normal cornbelters,Fastball,BallCalled,Walk,89.36292081033551,2189.547932734997,5.339502816792278,4.018867951060697,6.000000192000004,17.737531625815002,14.5052135596605,2.9271863111111327,-0.8675162043340062,14.5052135596605,4.018867951060697,3.2323180661545017,0.026670216,0.1,0.6789915,0.26855390407145024,116.03768116941917
Eli Woodall,Normal cornbelters,Fastball,InPlay,Single,88.88991128591346,2117.5226555444906,5.53481427722297,3.288473647437465,6.000000192000004,17.496809367254688,14.179665797391005,3.062874314426914,-0.7886739930648426,14.179665797391005,3.288473647437465,3.317143569863683,0.019751826,0.01,0.50002176,0.17659119399885337,76.3021216817395
Eli Woodall,Normal cornbelters,Fastball,InPlay,Out,88.94185120283983,2235.518604647915,5.485454580738516,1.9993586606414155,6.000000192000004,18.70781386189738,13.320590189519535,2.51663294918585,-0.7905170052032369,13.320590189519535,1.9993586606414155,5.387223672377846,0.24024265,0.12,0.8693471,0.4098632468779882,177.09510099558054
Jake Fenton,Normal cornbelters,Fastball,InPlay,Out,84.12676413298816,1954.5877628389403,4.635266535984543,3.7715287927884633,6.000000192000004,16.436560590406966,10.521194990278872,2.596712098595747,-0.0408607304988888,10.521194990278872,3.7715287927884633,5.915365600128094,0.19304436,0.07,0.40256718,0.22187051415443423,95.86656381468076
Theo Nagy,Danville dans 2025,Fastball,InPlay,Out,83.93354589273103,2150.8877434158367,5.6242238018403645,-2.513412389722625,6.000000192000004,16.270457441288592,-16.89250209264879,2.4822152234110644,0.8810465081753874,16.89250209264879,2.513412389722625,0.6220446513601985,0.010625708,0.0,0.85971475,0.29011348479737836,125.35321788846832
Theo Nagy,Danville dans 2025,Fastball,BallCalled,Walk,82.89661320385534,2075.7137671076457,5.890021306375096,-1.98536917572734,6.000000192000004,17.862611142928,-15.093581394448115,3.083382146113939,1.8714083538198,15.093581394448115,1.98536917572734,2.769029748479884,0.010295698,0.11,0.8025838,0.3076265040288369,132.92030260064297
Theo Nagy,Danville dans 2025,Fastball,StrikeSwinging,StrikeoutSwinging,84.27212498332783,1847.6913359770472,5.956223474598512,-1.7161620350668485,6.000000192000004,17.18886015781732,-13.919825439440082,3.860899524854718,0.6492394903655796,13.919825439440082,1.7161620350668485,3.269034718377238,0.7612111,0.62,0.11696197,0.4993910227219264,215.77856584821657
Theo Nagy,Danville dans 2025,Fastball,BallCalled,Walk,82.75299886429764,1890.0043915714325,5.771063416830892,-1.937944544930161,6.000000192000004,18.16423630834513,-13.727757230059604,0.9831680852454012,0.5036941116970864,13.727757230059604,1.937944544930161,4.436479078285528,0.052662056,0.02,0.29808795,0.12358333682020506,53.39830707499442
Theo Nagy,Danville dans 2025,Fastball,InPlay,Out,82.5441641986837,1868.3311094745168,5.770144434388413,-1.761106608852772,6.000000192000004,16.699804140323455,-15.028225123669117,2.1100298203583647,0.8383421706046849,15.028225123669117,1.761106608852772,1.6715790166543378,0.02257582,0.02,0.20443049,0.08233543686568738,35.57577464754925
Jake Fenton,Normal cornbelters,Fastball,BallCalled,Walk,83.96949917794348,1990.175032756987,4.806906648081592,4.348503345076738,6.000000192000004,14.461588456842469,15.212504973165723,4.939437325006876,0.1309409982824749,15.212504973165723,4.348503345076738,0.7509165163232545,0.1225945,0.06,0.38466546,0.18908665249745052,81.7012017447877
Jake Fenton,Normal cornbelters,Fastball,StrikeSwinging,StrikeoutSwinging,84.73620320688839,1995.830881591072,4.974856341071731,4.991590345099639,6.000000192000004,16.033097472110768,11.289916405229942,3.363875840006862,-1.0660020493742757,11.289916405229942,4.991590345099639,4.743181066880826,0.6925943,0.59,0.43173283,0.5714423743883769,246.91075810364126
Jake Fenton,Normal cornbelters,Fastball,InPlay,Out,82.91148420581739,1942.3384801822028,4.927107617734387,3.3626965831594853,6.000000192000004,16.72055381945961,11.171077646001008,1.9795790287604504,-0.1004606527660305,11.171077646001008,3.3626965831594853,5.5494761734586024,0.11642594,0.02,0.45450127,0.19697573671738308,85.1099439956085
Theo Nagy,Danville dans 2025,Fastball,InPlay,Out,81.9166436754504,2081.7795136698023,5.969584702635611,-2.1858812691352894,6.000000192000004,18.186123753947943,-14.665533163818209,1.5159315139483451,0.8024975286832859,14.665533163818209,2.1858812691352894,3.520590590129734,0.038156014,0.11,0.865131,0.3377623448272546,145.9414988421573
Theo Nagy,Danville dans 2025,Fastball,InPlay,Out,80.6021484476539,1896.633098096932,5.762038288084992,-2.137119107341253,6.000000192000004,18.7303403781982,-13.244363423327648,2.106336670706186,-0.55708382147003,13.244363423327648,2.137119107341253,5.4859769548705515,0.05222046,0.02,0.50427884,0.19216643288731575,83.03192369495504
Zach Courson,Normal cornbelters,Fastball,BallCalled,Walk,89.8622108947379,2273.025976954035,5.512306867276295,4.021997530594879,6.000000192000004,18.757691673740755,13.586994357847752,4.975773957761712,-2.0224542385683346,13.586994357847752,4.021997530594879,5.170697315893003,0.94730526,0.35,0.87087154,0.7227256019910177,312.2777278802766
Zach Courson,Normal cornbelters,Fastball,InPlay,Out,90.23627175215177,1889.839673352357,5.472024774587792,3.2787839937537107,6.000000192000004,17.05098576764346,13.17426670472402,2.45128445470826,-0.5150037450388828,13.17426670472402,3.2787839937537107,3.87671906291944,0.006259216,0.02,0.031622365,0.019293860370914143,8.336556588102244
Anthony Pesci,Danville dans 2025,Fastball,InPlay,Single,90.47507142274098,2062.591763980261,5.102402779195482,2.718856520409593,6.000000192000004,11.710051714555654,15.27945130975207,2.2071577722815943,0.1368241158749845,15.27945130975207,2.718856520409593,3.5693995951964155,0.02228294,0.03,0.23918189,0.09715494349598885,41.97903730500629
Anthony Pesci,Danville dans 2025,Fastball,InPlay,Out,90.0951895201726,2138.419359616318,5.023233071169772,2.8033857275535063,6.000000192000004,14.448605539824335,14.206029226428196,2.573019278085979,-0.6881331430294897,14.206029226428196,2.8033857275535063,0.24257631339613894,0.022201845,0.13,0.40684617,0.18634933702647685,80.51845319760422
Anthony Pesci,Danville dans 2025,Fastball,InPlay,Single,88.69193989495884,2012.4654943591524,5.279252808384294,3.051969503790889,6.000000192000004,13.060269425584128,14.91044293444262,2.7977277378186254,0.1363112714475016,14.91044293444262,3.051969503790889,1.850173508858493,0.0075893565,0.0,0.18646906,0.06468613989030321,27.94980658584814
Anthony Pesci,Danville dans 2025,Fastball,InPlay,Out,88.87170747164907,2069.260217219748,5.1834419038828345,2.6015155515546824,6.000000192000004,14.002812576459416,14.42468835904793,2.266802166117917,-0.5490383014470674,14.42468835904793,2.6015155515546824,0.4218757825885149,0.002618061,0.01,0.29306197,0.10189334419245522,44.026421539358104
Anthony Pesci,Danville dans 2025,Fastball,InPlay,Out,91.99743929207054,2150.6125365832104,5.041666064856127,2.78460060632293,6.000000192000004,13.31598601162036,14.954695601950888,2.6323924661801987,0.6122084516227949,14.954695601950888,2.78460060632293,1.638709590330528,0.022201845,0.1,0.3375573,0.15325304381549357,66.21809464283182
Graham Kasey,Normal cornbelters,Slider,StrikeCalled,StrikeoutSwinging,77.37892565417843,2071.527409906258,4.974914957670838,-2.202361986,6.000000192000004,2.9430035183213903,10.453540054354375,0.9225105134191924,0.629651435,10.453540054354375,2.202361986,7.510536536032985,0.013543031,0.0,0.019266637,0.01093655607352654,15.771703252550214
Graham Kasey,Normal cornbelters,Slider,InPlay,Out,80.75340463,2305.118255136701,5.3351703502312215,-2.271612505,6.000000192000004,11.10756567087428,1.1540414472917455,1.9760073021333795,0.177822162,1.1540414472917455,2.271612505,9.953524223582534,0.0917945,0.11,0.021897258,0.07456391883393128,107.52928008504215
Graham Kasey,Normal cornbelters,Slider,InPlay,Out,81.66970126503202,2276.065717012178,4.859989006441344,-1.550412071,6.000000192000004,9.732105268,0.7921669102659923,2.616086415310701,-0.0211927470759057,0.7921669102659923,1.550412071,8.939938357734007,0.16227023,0.27,0.01898216,0.1504174646238486,216.9183424927422
Graham Kasey,Normal cornbelters,Slider,InPlay,Out,80.82199385,2069.6025362085047,4.904466358346185,-2.676995687,6.000000192000004,12.661367855630449,-3.75117219,2.467672136253113,-0.1088238757518932,3.75117219,2.676995687,8.910195665630448,0.010810502,0.02,0.05243718,0.027749226888020836,40.01740301272274
Graham Kasey,Normal cornbelters,Slider,InPlay,Out,79.50172117003528,2137.716438967276,5.119743039571523,-2.371147367,6.000000192000004,5.134014421545174,7.652041613310768,1.973230777889842,0.464729198,7.652041613310768,2.371147367,2.5180271917655936,0.01600721,0.0,0.020460216,0.012155808508396149,17.529997862245576
Keegan Shovlain,Lafayette aviators 2025,Slider,InPlay,Single,78.69847892819332,1906.4348815274368,4.8089215213923895,1.9996797475667007,6.000000192000004,6.923549347412802,-3.540089507,1.9514018949410217,0.613945456,3.540089507,1.9996797475667007,3.3834598404128022,0.010810502,0.0,0.042829163,0.01787988841533661,25.78474360479993
Keegan Shovlain,Lafayette aviators 2025,Slider,InPlay,Out,79.2246725,2108.0852843139223,4.865284061414143,2.055393840739487,6.000000192000004,6.297357877344162,-4.927023176,3.2398497001674667,0.014528534,4.927023176,2.055393840739487,1.370334701344162,0.010810502,0.0,0.02323349,0.011347997312744459,16.365046265394483
Jake Fenton,Normal cornbelters,Slider,InPlay,Single,77.32234063434761,2022.4274563268712,4.111976535939741,3.1783298743955246,6.000000192000004,2.672695268891097,-7.822246279,1.810029305303655,0.153969582,7.822246279,3.1783298743955246,5.149551010108903,0.013543031,0.0,0.022791235,0.012111421984930834,17.465987668195375
Jake Fenton,Normal cornbelters,Slider,InPlay,Out,77.41602802077419,2164.486223903402,3.9588536511108816,3.585262344817062,6.000000192000004,0.3416250496519524,-8.998377783,2.6956796251922746,-0.7528728066794914,8.998377783,3.585262344817062,8.656752733348048,0.013543031,0.0,0.012591367,0.008711465944846472,12.5628812994795
Jake Fenton,Normal cornbelters,Slider,InPlay,Out,75.92403344614807,2127.022097592497,4.085242775817235,3.058649586381028,6.000000192000004,1.6610603806308717,-6.573760848,2.2749711651408924,0.478968428,6.573760848,3.058649586381028,4.912700467369128,0.013543031,0.0,0.014515491,0.009352840793629488,13.487813583522842
Keegan Shovlain,Lafayette aviators 2025,Slider,InPlay,Out,80.56522807318358,2107.835110948821,4.798880557101573,1.8570924830079416,6.000000192000004,7.805096555383876,-2.821467787,2.7791758850605284,0.963429415,2.821467787,1.8570924830079416,4.983628768383875,0.017258307,0.01,0.0263866,0.017881635650992395,25.78726330863449
Owen Corbett,Normal cornbelters,Slider,BallCalled,Walk,84.19232826,1982.2008449105383,4.870799125174334,3.847076737675904,6.000000192000004,-8.525852609,-1.456071276,4.043955472548835,-0.2601641444025312,1.456071276,3.847076737675904,9.981923884999999,0.009138884,0.07,0.00999228,0.029710388022164507,42.84561065233071
Aiden Cline,Lafayette aviators 2025,Slider,StrikeCalled,StrikeoutLooking,85.69697760567065,2540.539701769468,5.397017671030474,2.429335047079209,6.000000192000004,-7.735153497,-6.094769391,2.4401712111378893,-0.2804934001307604,6.094769391,2.429335047079209,13.829922887999999,0.0785953,0.13,0.0019238091,0.07017303735328217,101.19715146389885
Aiden Cline,Lafayette aviators 2025,Slider,InPlay,Out,86.61029306,2653.0912632864524,5.582612279504546,1.9753445771053333,6.000000192000004,-4.265522419,-5.362308136,2.489853395007096,0.554475747,5.362308136,1.9753445771053333,9.627830555,0.0785953,0.13,0.0018843128,0.07015987194453677,101.17816551269674
Aiden Cline,Lafayette aviators 2025,Slider,StrikeCalled,StrikeoutLooking,83.49860924,2507.77014883228,5.433011016351439,2.386541081661026,6.000000192000004,-6.698801541,-5.461675291,3.024804991769662,-0.8943177225388501,5.461675291,2.386541081661026,12.160476832,0.0785953,0.1,0.002251591,0.06028229802226027,86.93362969082357
Aiden Cline,Lafayette aviators 2025,Slider,InPlay,Out,84.21654959313935,2551.7981586801643,5.119617971130002,2.520477743158485,6.000000192000004,-10.34807578,-5.184423196,1.914242312,0.036619123,5.184423196,2.520477743158485,15.532498976,0.046570696,0.09,0.0013852193,0.0459853050718084,66.31581100070098
Alex Logan,Burlington bees 2025,Slider,InPlay,Out,74.44948822640077,2240.6033873481792,4.5760721453519375,2.757257345500615,6.000000192000004,1.3607859655461922,-11.25203042,2.190701775138536,0.581166086,11.25203042,2.757257345500615,9.891244454453808,0.024099696,0.0,0.010115939,0.011405211873352528,16.447555884105245
Graham Kasey,Normal cornbelters,Slider,InPlay,Out,73.93035978310643,1979.824198334132,5.069107628080331,-1.296040353,6.000000192000004,-6.815984081,16.10664502108496,1.6104004112386086,1.360829579,16.10664502108496,1.296040353,22.92262910208496,0.038938973,0.17,0.008576046,0.07250500628103813,104.5601042687369
Mitchell Cox,Burlington bees 2025,Slider,InPlay,Out,71.08557759182685,2600.953299222467,4.075347881722064,-0.455104418,6.000000192000004,-1.157174833,16.32018271472838,1.9535190736485053,-0.9271838375410268,16.32018271472838,0.455104418,17.477357547728378,0.46400195,0.23,0.0020088044,0.2320035859849304,334.5744023147453
Toby Schriefer,Normal cornbelters,Slider,BallCalled,Walk,74.82213018,1848.2138963402151,5.797177783356818,1.374790531674254,6.000000192000004,0.3459317932073134,-4.484346511,-0.265028269,2.035720545,4.484346511,1.374790531674254,4.138414717792687,0.04537638,0.05,0.02462255,0.03999964309235414,57.68383546147769
Eli Tritinger,Normal cornbelters,Slider,StrikeCalled,StrikeoutLooking,83.31195186562132,2639.521777268483,4.967901808973239,2.6181584957521915,6.000000192000004,0.1713687525928477,-9.246771499,3.4440649949885387,1.010813763,9.246771499,2.6181584957521915,9.075402746407152,0.06777978,0.01,0.003144342,0.02697470714027683,38.900461304333575
Eli Tritinger,Normal cornbelters,Slider,InPlay,Out,79.07724251460512,2714.9957942059755,4.931211728106772,2.7282585260842462,6.000000192000004,1.3489429552879528,-11.37312777,2.593880790982698,1.23916659,11.37312777,2.7282585260842462,10.024184814712047,0.06777978,0.02,0.0027227341,0.030167504517982405,43.50482235256028
Eli Tritinger,Normal cornbelters,Slider,InPlay,Single,79.79930970950215,2628.776893814093,4.443514373078598,3.1827876740064545,6.000000192000004,1.2723092726213707,-9.925442684,2.7853895262196664,0.670729794,9.925442684,3.1827876740064545,8.65313341137863,0.06777978,0.02,0.0035955715,0.030458450311173998,43.92439782786949
Zach O'donnell,Normal cornbelters,Slider,InPlay,Out,72.65226549,1875.92533,5.719325907,-0.494824719,6.000000192,3.451120034,5.691407764,1.712891694,0.412343364,5.691407764,0.494824719,2.24028773,0.18515612,0.08,0.027119173,0.09742509819567204,140.4975869700117
Zach O'donnell,Normal cornbelters,Slider,StrikeSwinging,StrikeoutSwinging,73.1802567,1864.526542,5.699394341,-0.194656954,6.000000192,4.659615408,4.50797135,1.499527853,0.140867147,4.50797135,0.194656954,0.15164405799999958,0.18515612,0.04,0.03041813,0.08519141716261706,122.85528845825738
Zach O'donnell,Normal cornbelters,Slider,InPlay,Out,73.39579349,1817.656249,5.554459986,-0.134312603,6.000000192,4.34982348,3.589016218,2.773864829,-0.768360331,3.589016218,0.134312603,0.7608072620000006,0.08002997,0.03,0.03319287,0.04774094705780347,68.84763767764349
Zach O'donnell,Normal cornbelters,Slider,HitByPitch,Walk,73.54098874,1840.826347,5.828712213,0.028735437,6.000000192,2.847870063,4.474870813,1.558400264,-1.802074715,4.474870813,0.028735437,1.62700075,0.06839498,0.02,0.027068289,0.038487756773829464,55.50353096643816
Zach O'donnell,Normal cornbelters,Slider,InPlay,Out,73.15628385,1806.279441,5.494562558,-0.825568237,6.000000192,4.874814701,2.55928369,2.495276435,0.893803825,2.55928369,0.825568237,2.315531011,0.18515612,0.06,0.038446065,0.09453406229615212,136.32839879110495
Trey Bryant,Normal cornbelters,Slider,InPlay,Out,70.99549992,2089.058571,4.836668429,1.697987413,6.000000192,3.353699755,-5.352685164,2.514768593,-0.53913129,5.352685164,1.697987413,1.9989854090000003,0.06616211,0.06,0.015526664,0.047229591272771355,68.11020702362583
Zach Leuschen,Burlington bees 2025,Slider,InPlay,Error,71.05709249,1837.967705,5.013079019,-1.481054154,6.000000192,5.779502703,2.165502546,1.884682608,-0.603903539,2.165502546,1.481054154,3.6140001570000004,0.11513774,0.15,0.03901972,0.10138581991195679,146.20937842933455
Wyatt Mammen,Normal cornbelters,Slider,InPlay,Out,79.24745145,2243.915703,5.585626273,3.048628785,6.000000192,-0.020533733,-8.918813014,2.09505688,-0.064810969,8.918813014,3.048628785,8.939346747,0.049281776,0.0,0.009993912,0.019758562557399273,28.493996031034452
Zach Leuschen,Burlington bees 2025,Slider,InPlay,Single,71.22173722,1920.158559,5.031279017,-1.481842327,6.000000192,6.007152734,0.682691007,1.916896397,0.137090348,0.682691007,1.481842327,5.324461727,0.11513774,0.23,0.03127284,0.12547019357482592,180.94166452383843
Zach Leuschen,Burlington bees 2025,Slider,StrikeSwinging,StrikeoutSwinging,69.85318524,1800.155494,5.223261036,-1.482892742,6.000000192,8.99970348,0.036681651,2.079930927,-0.240557155,0.036681651,1.482892742,8.963021829,0.3461105,0.63,0.057589382,0.34456662495930984,496.9025461996877
Zach Leuschen,Burlington bees 2025,Slider,StrikeSwinging,StrikeoutSwinging,72.80021656,2284.882519,4.281373296,-0.663710416,6.000000192,3.297396049,16.13247222,2.199729674,-0.452977022,16.13247222,0.663710416,12.835076171,0.50635654,0.66,0.008460043,0.3916055267800888,564.7377582952945
Luka Zachman,Normal cornbelters,Slider,InPlay,Single,78.58413285139378,2310.2622301170663,5.393495189645658,3.321688816835231,6.000000192000004,-5.501143549868658,-7.239728711646911,2.664981630746892,0.7215955311198918,7.239728711646911,3.321688816835231,12.74087226151557,0.11266549,0.12,0.0047511146,0.07913886798545718,114.1268543056904
Luka Zachman,Normal cornbelters,Slider,StrikeSwinging,StrikeoutSwinging,77.92998325035688,2320.4903856615324,5.1383534742975545,1.4934714206522,6.000000192000004,-3.3347644950855013,-6.530207107007623,3.681394040603418,-0.2356564036461715,6.530207107007623,1.4934714206522,9.864971602093124,0.46605796,0.66,0.004504638,0.3768541980038087,543.4647379334765
Luka Zachman,Normal cornbelters,Slider,InPlay,Out,74.2208416244571,2085.427189987677,5.081104682651324,1.7368324847594951,6.000000192000004,-2.200087640717001,-6.970326328282573,1.953363032139137,0.0195608834182749,6.970326328282573,1.7368324847594951,9.170413968999574,0.021585025,0.05,0.009784261,0.027123095219333967,39.11445305213527
Eli Tritinger,Normal cornbelters,Slider,BallCalled,Walk,83.01462929546152,2505.194503944839,4.225184591930759,3.037312330453959,6.000000192000004,4.142438034715156,-7.368526612876985,1.5593446313735702,2.047715915464854,7.368526612876985,3.037312330453959,3.2260885781618285,0.07931902,0.07,0.006925871,0.05208163124198715,75.10737633812546
Ab Trier,Danville dans 2025,Slider,InPlay,Out,73.7861103864453,2188.43038860706,4.431793289175827,0.2372314830066673,6.000000192000004,-2.8565557217810422,-10.352538980606996,1.8658572451186768,0.917535121721068,10.352538980606996,0.2372314830066673,13.209094702388038,0.04607989,0.15,0.0056432546,0.06724104785049954,96.96890373521795
Ab Trier,Danville dans 2025,Slider,InPlay,Single,79.40331541955887,2220.6166433133326,5.326604009339198,4.193403014180396,6.000000192000004,1.1395191506809823,-6.032509941456228,2.4323428345066618,0.7675653193481183,6.032509941456228,4.193403014180396,4.8929907907752455,0.023173317,0.02,0.01326896,0.018814092340568703,27.13196726342441
Ab Trier,Danville dans 2025,Slider,InPlay,Out,76.64942290548092,2295.485988620689,4.866783785975031,3.260671142444778,6.000000192000004,0.2003456391794387,-9.516505352742602,2.1698007987905856,-0.0223034892964792,9.516505352742602,3.260671142444778,9.316159713563163,0.06777978,0.04,0.0084078275,0.038729202300310135,55.85172167379683
Ab Trier,Danville dans 2025,Slider,StrikeCalled,StrikeoutLooking,79.4497404174466,2272.69518801771,5.437072324528881,3.412324599384704,6.000000192000004,1.1854094381199758,-5.422852255581914,2.1090326437263576,1.4205194994521266,5.422852255581914,3.412324599384704,4.237442817461938,0.039871,0.0,0.010464292,0.016778430591026943,24.196321634170374
Ab Trier,Danville dans 2025,Slider,InPlay,Out,79.4936918899833,2181.4780525472424,5.178506028856317,3.423607016186414,6.000000192000004,0.2890099280659441,-5.405570291553148,1.62859520874687,1.0436004587655257,5.405570291553148,3.423607016186414,5.116560363487204,0.015851215,0.03,0.012386543,0.019412585757672785,27.99505985945831
Ab Trier,Danville dans 2025,Slider,InPlay,Out,80.68636312654743,2161.338093174246,5.306424919074744,3.102135080313639,6.000000192000004,3.2222180432493843,-1.3202613867431618,2.333219132522048,-0.2837384161686432,1.3202613867431618,3.102135080313639,1.9019566565062225,0.015851215,0.03,0.016788172,0.02087979537745317,30.110935696137624
Ab Trier,Danville dans 2025,Slider,InPlay,Out,80.60517424244249,2268.4155109265475,5.492350418299463,4.32043256860549,6.000000192000004,2.116402978988092,-4.782733489237788,2.5643365223419816,1.1552986530017104,4.782733489237788,4.32043256860549,2.6663305102496966,0.039871,0.0,0.013109526,0.01766017513970534,25.467893166635925
Jake Fenton,Normal cornbelters,Slider,InPlay,Out,76.98937674884826,2318.942161500683,4.158798436098391,4.247061677438447,6.000000192000004,4.013541134590277,-6.735245509613122,3.692930257096161,0.6708096768405567,6.735245509613122,4.247061677438447,2.7217043750228456,0.07931902,0.06,0.012251225,0.05052341596533855,72.86026044701042
Jake Fenton,Normal cornbelters,Slider,InPlay,Single,76.22830528638569,2183.7522406413595,4.09189507300694,3.3550575363561093,6.000000192000004,2.2869907870225106,-5.700834938846816,2.5680638307333505,0.1885287568844783,5.700834938846816,3.3550575363561093,3.4138441518243052,0.009138884,0.0,0.013513592,0.007550825364887714,10.889111358840895
Wesley Culley,Lafayette aviators 2025,Curveball,StrikeCalled,StrikeoutLooking,73.59229879995607,2274.022482147303,5.080268267585232,1.298764159865573,6.000000192000004,-9.032092338,13.18681861072104,3.268397429,0.379299891,13.18681861072104,1.298764159865573,22.21891094872104,0.27272728,0.08,0.15214859,0.16829195678234102,72.32738246697025
Wesley Culley,Lafayette aviators 2025,Curveball,InPlay,Out,72.48898245542208,2229.198518460508,5.1712727300347945,0.3913047732809515,6.000000192000004,-7.801188218,13.091227038836156,2.638425514572364,-0.00021937,13.091227038836156,0.3913047732809515,20.892415256836156,0.27272728,0.02,0.12651448,0.1397472534577052,60.05963233653877
Wesley Culley,Lafayette aviators 2025,Curveball,InPlay,Out,74.47798767448032,2286.1753730410064,5.416366621771476,-0.902651906,6.000000192000004,-4.726506263,11.051026450545788,2.308804378952732,-0.2257628521586561,11.051026450545788,0.902651906,15.777532713545789,0.27272728,0.04,0.1164263,0.1430511924624443,61.47957696498213
Alex Logan,Burlington bees 2025,Curveball,InPlay,Single,73.06413477054143,2073.764011895917,5.147458374491617,3.3352569001814008,6.000000192000004,-5.973536664,-10.74828804,2.5752296896973763,-0.6041907921470432,10.74828804,3.3352569001814008,16.721824704,0.27272728,0.13,0.24271327,0.21514685114224752,92.46436304294299
Mitchell Cox,Burlington bees 2025,Curveball,InPlay,Out,67.30189308,2391.1060612503097,4.747846138253597,-0.496582286,6.000000192000004,-7.366663334,17.06282124244213,1.8113943107388648,0.723389473,17.06282124244213,0.496582286,24.42948457644213,0.27272728,0.2,0.06408888,0.17893872062365213,76.90307684422417
Mitchell Cox,Burlington bees 2025,Curveball,InPlay,Out,69.23855606579093,2489.211111695137,5.084915849810382,-0.418707326,6.000000192000004,-6.175831666,14.643033633868953,1.7560672505947423,0.166099085,14.643033633868953,0.418707326,20.818865299868953,0.27272728,0.06,0.06047312,0.13106680085261663,56.32900594441325
Toby Schriefer,Normal cornbelters,Curveball,StrikeSwinging,StrikeoutSwinging,73.93848572105358,1857.2607627732764,6.44423064,2.123269910651919,6.000000192000004,-3.81561414,-5.364964296,-0.349513435,1.479117596,5.364964296,2.123269910651919,9.180578436000001,0.27272728,0.71,0.33032814,0.43768513917922974,188.10536799728388
Zach O'donnell,Normal cornbelters,Curveball,InPlay,Out,75.71429495,1318.153539,5.724363964,-0.782425064,6.000000192,8.615675092,-17.42587079,0.327643352,-0.273690979,17.42587079,0.782425064,8.810195698000001,0.27272728,0.09,0.11958174,0.1607696724931399,69.0945058446252
Erick Mckendry,Burlington bees 2025,Curveball,InPlay,Out,70.14689716,2237.823264,5.141148421,1.900319058,6.000000192,0.021100054,-11.83017237,2.044916577,0.252214881,11.83017237,1.900319058,11.809072316,0.27272728,0.09,0.08301288,0.1485800532499949,63.85573347556925
Luka Zachman,Normal cornbelters,Curveball,InPlay,Single,76.14231754083593,1975.5351822737923,5.255911964454382,1.6245141009675446,6.000000192000004,-15.719133090514262,-6.260925574612674,1.779961001913991,-0.120332601955574,6.260925574612674,1.6245141009675446,21.980058665126936,0.27272728,0.19,0.51628536,0.32633754690488176,140.2511505576535
Logan Barnett,Normal cornbelters,Curveball,StrikeSwinging,StrikeoutSwinging,78.6259042701966,2301.1689810556227,5.51249668814558,4.619764121520882,6.000000192000004,-4.576807693939074,-9.68071186635047,1.407428000261395,0.726087975073017,9.68071186635047,4.619764121520882,14.257519560289543,0.27272728,0.67,0.23035556,0.3910276138782501,168.05321136468362
Logan Barnett,Normal cornbelters,Curveball,InPlay,Out,75.89997765482194,2273.915260301136,5.643192293512146,4.181673118603671,6.000000192000004,-5.207521273550675,-11.101258919487629,2.690686377349376,-0.2806481573939735,11.101258919487629,4.181673118603671,16.308780193038302,0.27272728,0.12,0.20719749,0.1999749227364858,85.94387395038189
Logan Barnett,Normal cornbelters,Curveball,InPlay,Out,77.39055184960735,2161.96270913599,5.71606262620539,2.663742825394196,6.000000192000004,-6.436321024229791,-11.43644203249965,1.846877637772313,-0.2444738689335683,11.43644203249965,2.663742825394196,17.87276305672944,0.27272728,0.15,0.21902053,0.21391593714555104,91.93534912495666
Logan Barnett,Normal cornbelters,Curveball,StrikeSwinging,StrikeoutSwinging,76.75001487361361,2207.421376221468,5.855001280680503,2.9991498758641257,6.000000192000004,-5.027448836513237,-11.049972504644591,0.8806904579897833,-0.4713646980820402,11.049972504644591,2.9991498758641257,16.07742134115783,0.27272728,0.15,0.19614595,0.20629107753435771,88.65838837234628
Zach Courson,Normal cornbelters,Curveball,InPlay,Out,76.99233176488356,2686.2330132925995,4.978457455138201,2.9444610751557,6.000000192000004,-8.840555963277843,-11.605228036158234,1.5168301514293503,0.4492200953309024,11.605228036158234,2.9444610751557,20.445783999436077,0.27272728,0.49,0.121178865,0.2946353820959727,126.62640791989072
Zach Courson,Normal cornbelters,Curveball,StrikeSwinging,StrikeoutSwinging,76.68002688336514,2516.389424451704,4.825884582043521,4.10878409986333,6.000000192000004,-8.617280237865025,-13.700959828479574,3.316206981316177,-0.6343513288437939,13.700959828479574,4.10878409986333,22.3182400663446,0.27272728,0.67,0.1595724,0.3674332245190938,157.91297379253737
Wesley Culley,Lafayette aviators 2025,Changeup,InPlay,Single,81.14107469057629,1688.3617919881149,4.979250667907007,-1.008515298,6.000000192000004,7.075199057799473,-19.39003234,1.898577629890044,1.259333286,19.39003234,1.008515298,12.314833282200528,,,0.0,0.0,
Wesley Culley,Lafayette aviators 2025,Changeup,InPlay,Single,80.34401747,1677.297874929902,5.070805282359116,-1.233296116,6.000000192000004,6.507304455367624,-19.56667655,1.4353765554234752,0.642712402,19.56667655,1.233296116,13.059372094632376,,,0.0,0.0,
Wesley Culley,Lafayette aviators 2025,Changeup,InPlay,Out,79.56650425642974,1731.3061202018046,5.290399232565047,-1.641564225,6.000000192000004,8.002241231887176,-19.64353568,1.642562734292395,1.431443989,19.64353568,1.641564225,11.641294448112824,,,0.0,0.0,
Wesley Culley,Lafayette aviators 2025,Changeup,InPlay,Single,80.54114343061089,1720.0006900874143,5.347381784089801,-1.301158618,6.000000192000004,8.104014686839946,-19.09480409,1.7288423519463212,0.417904855,19.09480409,1.301158618,10.990789403160054,,,0.0,0.0,
Wesley Culley,Lafayette aviators 2025,Changeup,InPlay,Single,82.26019109147991,1749.8716525231491,5.392074734322339,-0.782991437,6.000000192000004,9.063715759056445,-19.03292866,2.3247053530104567,0.01989779,19.03292866,0.782991437,9.969212900943555,,,0.0,0.0,
Wesley Culley,Lafayette aviators 2025,Changeup,InPlay,Out,79.88339801177517,1733.4026925596831,5.076729305814484,-1.950220718,6.000000192000004,7.494702367,-19.78236101,1.4457775153406125,0.733005732,19.78236101,1.950220718,12.287658642999999,,,0.0,0.0,
Zach O'Donnell,Normal cornbelters,Changeup,InPlay,Out,74.87472800296929,1344.2397967866436,5.696692727831292,-1.673598535,6.000000192000004,7.694169574831093,-17.3524189,2.083012249,-0.1916350998806463,17.3524189,1.673598535,9.658249325168907,,,0.0,0.0,
Braeden Sunken,Burlington bees 2025,Changeup,InPlay,Out,78.48215194,1978.6810532354648,4.839228159024382,2.0139441823316724,6.000000192000004,4.994465075744664,0.1640905087421012,1.39896609052217,1.076844585,0.1640905087421012,2.0139441823316724,4.830374567002562,,,0.0,0.0,
Zach O'donnell,Normal cornbelters,Changeup,InPlay,Out,75.69231337,1412.715117,5.568650559,-1.045753247,6.000000192,8.804804481,-17.47468419,1.318572671,0.400855303,17.47468419,1.045753247,8.669879709000002,,,0.0,0.0,
Reese Ellison,Burlington bees 2025,Changeup,InPlay,Out,72.34427053,1720.866,4.848231308,-0.435840627,6.000000192,9.332957095,-11.32114767,1.986395212,0.285842636,11.32114767,0.435840627,1.9881905750000008,,,0.0,0.0,
Zach O'donnell,Normal cornbelters,Changeup,BallCalled,Walk,76.83373295,1302.209435,5.58168843,-0.615708726,6.000000192,9.425915974,-16.02308013,-0.059284534,-0.522022295,16.02308013,0.615708726,6.597164156,,,0.0,0.0,
Reese Ellison,Burlington bees 2019,Changeup,InPlay,Out,75.65050058,1328.196393,5.58524424,-0.220473295,6.000000192,10.42464399,-15.83735731,2.020428012,1.395305168,15.83735731,0.220473295,5.41271332,,,0.0,0.0,
Reese Ellison,Burlington bees 2025,Changeup,InPlay,Out,73.15628711,1758.893047,4.998045101,-0.848445998,6.000000192,9.381377386,-12.81959341,2.866129317,0.84164133,12.81959341,0.848445998,3.438216023999999,,,0.0,0.0,
Luka Zachman,Normal cornbelters,Changeup,InPlay,Single,80.97997014960175,1529.8944624408975,6.002749419369699,2.678431081419129,6.000000192000004,16.776158658575525,12.13174516907947,2.374181522152716,-1.0223201583127928,12.13174516907947,2.678431081419129,4.6444134894960545,,,0.0,0.0,
