Pitcher,PitchType,#,# RHB,# LHB,%,MPH,H,1B,2B,3B,HR,SO,BBE,BA,XBA,SLG,XSLG,WOBA,XWOBA,EV,LA,Spin,Whiff %,Put Away %
Nicholas Currie,Fastball,70,29,41,54.3,84.47,4,2,2,0,0,2,12,0.286,,0.429,,0.215,,85.99,12.27,1983.0,11.43,22.22
Nicholas Currie,Changeup,22,0,22,17.1,80.02,0,0,0,0,0,4,3,0.0,,0.0,,0.0,,77.7,22.74,1704.0,31.82,50.0
Nicholas Currie,Slider,37,32,5,28.7,77.2,3,2,0,0,1,3,5,0.375,,0.75,,0.117,,84.94,14.86,2236.0,13.51,30.0
Zach O'Donnell,Fastball,74,61,13,43.8,82.68,4,2,1,0,1,0,15,0.267,0.217,0.533,0.312,0.21,0.434,76.23,20.17,1859.0,8.11,0.0
Zach O'Donnell,Changeup,36,34,2,21.3,75.37,0,0,0,0,0,2,4,0.0,0.125,0.0,0.156,0.034,0.067,74.96,19.75,1387.0,13.89,7.14
Zach O'Donnell,Sinker,4,4,0,2.4,82.67,1,0,0,0,1,0,1,1.0,0.833,4.0,2.125,0.051,0.765,111.64,22.55,1887.0,0.0,0.0
Zach O'Donnell,Slider,52,30,22,30.8,73.75,2,2,0,0,0,2,8,0.2,0.167,0.2,0.146,0.078,0.188,73.42,0.82,1746.0,19.23,22.22
Zach O'Donnell,Curveball,2,2,0,1.2,71.13,0,0,0,0,0,0,1,0.0,,0.0,,0.0,,,,1657.0,0.0,0.0
Zach O'Donnell,Cutter,1,0,1,0.6,72.28,0,0,0,0,0,0,0,0.0,,0.0,,0.0,,,,1771.0,0.0,NaN
Dom Panozzo,Fastball,10,6,4,55.6,92.03,1,1,0,0,0,0,2,0.5,,0.5,,0.396,,76.4,-5.5,2399.0,10.0,0.0
Dom Panozzo,Curveball,8,3,5,44.4,82.47,0,0,0,0,0,1,0,0.0,,0.0,,0.0,,,,2698.0,0.0,100.0
Nick Krueger,Slider,13,12,1,15.5,75.6,0,0,0,0,0,0,0,0.0,,0.0,,0.095,,,,2652.0,7.69,0.0
Nick Krueger,Fastball,48,29,19,57.1,85.67,2,0,1,1,0,1,10,0.182,0.396,0.455,0.523,0.24,0.345,83.03,25.53,2032.0,10.42,7.69
Nick Krueger,Changeup,8,3,5,9.5,78.62,0,0,0,0,0,1,1,0.0,0.0,0.0,0.0,0.0,0.0,,,1123.0,12.5,0.0
Nick Krueger,Curveball,15,11,4,17.9,73.38,0,0,0,0,0,0,1,0.0,,0.0,,0.0,,91.87,7.42,2555.0,0.0,0.0
Graham Kasey,Fastball,236,185,44,59.4,86.85,14,7,6,0,1,18,40,0.241,0.305,0.397,0.453,0.207,0.3,83.4,15.49,2017.0,12.71,24.0
Graham Kasey,Splitter,8,8,0,2.0,78.63,0,0,0,0,0,0,0,0.0,,0.0,,0.0,,,,1311.0,12.5,0.0
Graham Kasey,Slider,49,39,10,12.3,79.68,1,1,0,0,0,1,8,0.1,0.222,0.1,0.292,0.023,0.263,72.88,19.98,2107.0,4.08,7.14
Graham Kasey,Cutter,65,47,18,16.4,78.5,4,3,0,1,0,1,17,0.222,0.375,0.333,0.5,0.05,0.375,78.34,23.32,2042.0,13.85,6.67
Graham Kasey,Changeup,17,15,1,4.3,77.27,1,1,0,0,0,1,3,0.25,0.312,0.25,0.438,0.009,0.364,75.03,11.44,1672.0,5.88,16.67
Graham Kasey,Curveball,17,10,7,4.3,74.79,1,1,0,0,0,0,1,1.0,,1.0,,0.009,,,,1946.0,5.88,0.0
Graham Kasey,Sinker,5,4,1,1.3,80.59,2,1,1,0,0,0,5,0.4,0.0,0.6,0.5,0.021,0.267,86.07,12.18,2034.0,0.0,0.0
Jimmy Amptmann,Fastball,30,27,3,50.0,89.78,0,0,0,0,0,1,1,0.0,0.125,0.0,0.219,0.107,0.363,75.61,32.93,2324.0,20.0,16.67
Jimmy Amptmann,Curveball,29,27,2,48.3,74.49,0,0,0,0,0,3,4,0.0,0.181,0.0,0.312,0.107,0.254,87.72,13.43,1984.0,17.24,37.5
Jimmy Amptmann,Changeup,1,1,0,1.7,75.6,0,0,0,0,0,0,0,0.0,,0.0,,0.0,,,,1975.0,0.0,NaN
Jake Fenton,Slider,28,24,4,37.3,77.13,3,3,0,0,0,0,8,0.375,0.292,0.375,0.438,0.187,0.34,83.23,16.63,2161.0,3.57,0.0
Jake Fenton,Sinker,9,9,0,12.0,85.72,2,2,0,0,0,0,2,1.0,,1.0,,0.099,,68.59,30.9,1913.0,0.0,0.0
Jake Fenton,Fastball,38,17,21,50.7,85.65,1,0,0,0,1,1,5,0.2,0.208,0.8,0.297,0.154,0.314,83.19,22.03,1989.0,2.63,12.5
Braden Vanderheydt,Fastball,44,26,18,78.6,88.34,0,0,0,0,0,1,7,0.0,0.125,0.0,0.281,0.251,0.472,76.68,29.73,1712.0,4.55,8.33
Braden Vanderheydt,Slider,6,6,0,10.7,77.83,1,1,0,0,0,0,1,1.0,,1.0,,0.116,,77.94,3.78,1930.0,33.33,0.0
Braden Vanderheydt,Changeup,4,1,3,7.1,79.93,0,0,0,0,0,0,0,0.0,,0.0,,0.0,,,,1627.0,0.0,0.0
Braden Vanderheydt,Curveball,2,2,0,3.6,76.61,0,0,0,0,0,0,0,0.0,,0.0,,0.05,0.695,,,1848.0,0.0,0.0
Jackson McDonald,Fastball,39,31,8,55.7,86.25,1,1,0,0,0,2,8,0.1,,0.1,,0.099,,79.53,14.64,1939.0,2.56,25.0
Jackson McDonald,Slider,8,7,1,11.4,79.62,1,1,0,0,0,0,3,0.333,,0.333,,0.056,,84.73,12.36,2184.0,0.0,0.0
Jackson McDonald,Changeup,9,4,5,12.9,80.35,1,0,1,0,0,1,1,0.5,,1.0,,0.079,,94.08,18.25,1862.0,33.33,16.67
Jackson McDonald,Curveball,14,9,5,20.0,74.64,0,0,0,0,0,0,0,0.0,,0.0,,0.045,,,,1946.0,7.14,0.0
Logan Barnett,Fastball,53,34,19,40.5,86.72,2,2,0,0,0,1,15,0.125,0.348,0.125,0.551,0.064,0.364,87.99,3.09,2042.0,7.55,7.69
Logan Barnett,Slider,8,5,3,6.1,76.62,0,0,0,0,0,1,2,0.0,,0.0,,0.0,,,,,37.5,50.0
Logan Barnett,Curveball,41,24,17,31.3,76.37,1,1,0,0,0,3,10,0.077,0.05,0.077,0.062,0.023,0.084,80.02,9.42,2215.0,9.76,27.27
Logan Barnett,Sinker,29,13,16,22.1,86.82,3,3,0,0,0,0,5,0.6,0.467,0.6,0.525,0.141,0.436,80.88,29.03,2064.0,13.79,0.0
Trey Bryant,Slider,26,21,5,47.3,70.33,1,0,0,0,1,1,4,0.2,0.361,0.8,0.75,0.272,0.262,91.08,19.18,2054.0,11.54,33.33
Trey Bryant,Fastball,28,15,13,50.9,77.95,2,1,0,0,1,0,6,0.333,0.25,0.833,0.188,0.335,0.468,85.17,23.84,1626.0,3.57,0.0
Trey Bryant,Changeup,1,0,1,1.8,75.06,0,0,0,0,0,0,0,0.0,,0.0,,0.0,,,,1616.0,0.0,NaN
Wyatt Mammen,Fastball,144,63,81,80.9,89.56,5,4,1,0,0,7,17,0.217,0.173,0.261,0.255,0.332,0.402,75.26,17.01,2003.0,8.33,22.58
Wyatt Mammen,Curveball,14,6,8,7.9,75.8,4,4,0,0,0,0,5,0.8,0.542,0.8,0.625,0.081,0.487,83.88,20.59,2093.0,0.0,0.0
Wyatt Mammen,Slider,19,13,6,10.7,78.44,1,1,0,0,0,0,3,0.333,0.333,0.333,0.438,0.02,0.407,91.21,2.19,2146.0,21.05,0.0
Wyatt Mammen,Changeup,1,1,0,0.6,80.02,0,0,0,0,0,0,0,0.0,,0.0,,0.0,,,,,0.0,NaN
Will O'Gorman,Fastball,85,57,28,62.0,84.79,4,4,0,0,0,4,17,0.19,0.0,0.19,0.0,0.142,0.0,75.79,21.68,1886.0,5.88,22.22
Will O'Gorman,Slider,1,1,0,0.7,75.51,0,0,0,0,0,0,0,0.0,,0.0,,0.0,,,,,0.0,NaN
Will O'Gorman,Cutter,49,28,21,35.8,74.32,1,1,0,0,0,2,9,0.091,,0.091,,0.046,,70.45,39.95,1920.0,2.04,15.38
Will O'Gorman,Changeup,2,2,0,1.5,80.88,1,1,0,0,0,0,1,1.0,,1.0,,0.025,,97.36,1.42,1988.0,0.0,0.0
Jackson Stewart,Cutter,8,6,2,44.4,71.29,1,1,0,0,0,0,1,1.0,,1.0,,0.223,,68.92,44.57,2071.0,12.5,0.0
Jackson Stewart,Fastball,10,7,3,55.6,79.14,1,1,0,0,0,0,2,0.5,,0.5,,0.396,,82.81,27.16,1854.0,0.0,0.0
Mason Orton,Slider,22,10,12,47.8,75.83,0,0,0,0,0,2,3,0.0,0.1,0.0,0.15,0.0,0.167,69.73,29.9,1787.0,13.64,20.0
Mason Orton,Fastball,23,11,12,50.0,85.76,3,2,1,0,0,0,3,1.0,0.833,1.333,0.938,0.404,0.72,81.66,28.22,2149.0,0.0,0.0
Mason Orton,Changeup,1,1,0,2.2,82.35,0,0,0,0,0,0,0,0.0,,0.0,,0.063,0.695,,,1326.0,0.0,0.0
Owen Corbett,Fastball,29,16,13,76.3,87.6,1,1,0,0,0,2,1,0.333,0.0,0.333,0.0,0.43,0.348,70.25,24.65,1955.0,10.34,40.0
Owen Corbett,Slider,3,2,1,7.9,82.26,0,0,0,0,0,0,0,0.0,,0.0,,0.099,0.695,,,2001.0,0.0,NaN
Owen Corbett,Curveball,6,5,1,15.8,80.14,0,0,0,0,0,1,0,0.0,,0.0,,0.0,,,,1809.0,0.0,50.0
Zach Courson,Fastball,33,28,5,62.3,89.69,1,1,0,0,0,0,6,0.167,0.183,0.167,0.288,0.338,0.417,72.14,-9.64,2133.0,0.0,0.0
Zach Courson,Curveball,19,17,2,35.8,76.99,0,0,0,0,0,1,2,0.0,0.0,0.0,0.0,0.0,0.0,75.0,41.37,2603.0,5.26,100.0
Zach Courson,Slider,1,1,0,1.9,78.09,0,0,0,0,0,0,0,0.0,,0.0,,0.0,,,,2492.0,0.0,NaN
Alec Bergman,Fastball,32,16,16,61.5,90.68,1,1,0,0,0,2,5,0.143,0.233,0.143,0.388,0.207,0.364,90.12,4.88,2040.0,9.38,25.0
Alec Bergman,Slider,20,9,11,38.5,79.94,1,0,1,0,0,0,2,0.5,0.75,1.0,1.281,0.115,0.602,90.58,18.67,2237.0,5.0,0.0
Toby Schriefer,Fastball,133,75,51,75.1,89.21,6,4,1,0,1,10,19,0.214,0.219,0.357,0.28,0.214,0.238,82.66,25.41,2178.0,15.04,22.22
Toby Schriefer,Slider,27,18,6,15.3,74.57,2,2,0,0,0,1,4,0.4,0.0,0.4,0.156,0.059,0.401,75.97,-10.03,1813.0,7.41,11.11
Toby Schriefer,Curveball,16,10,6,9.0,73.96,2,1,1,0,0,1,2,0.667,0.639,1.0,1.083,0.069,0.518,93.93,17.38,1792.0,6.25,20.0
Toby Schriefer,Cutter,1,1,0,0.6,84.36,0,0,0,0,0,0,1,0.0,,0.0,,0.0,,76.4,60.2,1964.0,0.0,NaN
Brice Deaton,Fastball,34,28,6,75.6,90.32,1,1,0,0,0,1,2,0.333,0.0,0.333,0.0,0.512,0.417,80.15,44.54,2239.0,8.82,20.0
Brice Deaton,Curveball,10,9,1,22.2,74.71,0,0,0,0,0,1,2,0.0,0.111,0.0,0.146,0.0,0.03,72.78,21.09,2739.0,10.0,50.0
Brice Deaton,Slider,1,1,0,2.2,75.37,0,0,0,0,0,0,0,0.0,,0.0,,0.0,,,,,0.0,NaN
Cole Noreuil,Fastball,73,33,40,85.9,90.71,3,2,0,1,0,2,10,0.25,0.31,0.417,0.348,0.319,0.377,81.47,13.42,2024.0,12.33,8.7
Cole Noreuil,Changeup,4,0,4,4.7,86.48,0,0,0,0,0,0,0,0.0,,0.0,,0.0,,73.3,45.98,2022.0,0.0,0.0
Cole Noreuil,Cutter,3,2,1,3.5,82.33,0,0,0,0,0,0,1,0.0,0.583,0.0,0.438,0.0,0.223,78.58,19.02,2247.0,0.0,0.0
Cole Noreuil,Slider,5,4,1,5.9,80.56,0,0,0,0,0,0,0,0.0,,0.0,,0.048,,,,2200.0,0.0,0.0
Logan Elsbury,Fastball,43,28,15,75.4,84.4,4,3,1,0,0,2,5,0.571,0.153,0.714,0.219,0.614,0.316,65.94,5.29,2032.0,11.63,13.33
Logan Elsbury,Changeup,4,0,4,7.0,79.27,0,0,0,0,0,0,0,0.0,,0.0,,0.0,,,,1127.0,25.0,0.0
Logan Elsbury,Curveball,2,1,1,3.5,76.66,0,0,0,0,0,0,0,0.0,,0.0,,0.0,,,,2497.0,0.0,0.0
Logan Elsbury,Slider,4,4,0,7.0,78.63,0,0,0,0,0,1,0,0.0,0.0,0.0,0.0,0.0,0.0,,,2252.0,25.0,100.0
Logan Elsbury,Cutter,4,3,1,7.0,81.14,0,0,0,0,0,0,0,0.0,,0.0,,0.0,,,,2230.0,0.0,0.0
Caden Addis,Fastball,232,166,66,75.8,78.69,16,7,5,1,3,11,52,0.25,0.298,0.5,0.436,0.275,0.407,78.63,25.14,1700.0,8.62,16.92
Caden Addis,Slider,14,10,4,4.6,70.05,1,1,0,0,0,0,3,0.333,0.083,0.333,0.75,0.01,0.548,81.22,11.59,1648.0,0.0,0.0
Caden Addis,Sinker,48,31,17,15.7,78.54,2,2,0,0,0,6,9,0.133,0.226,0.133,0.286,0.02,0.249,83.16,3.56,1606.0,22.92,66.67
Caden Addis,Cutter,12,5,7,3.9,70.33,0,0,0,0,0,0,1,0.0,,0.0,,0.0,,,,1729.0,8.33,0.0
Cal Darling,Fastball,19,10,9,73.1,82.31,0,0,0,0,0,0,0,0.0,,0.0,,0.347,,,,2269.0,5.26,0.0
Cal Darling,Curveball,7,6,1,26.9,72.85,0,0,0,0,0,1,0,0.0,0.0,0.0,0.0,0.0,,,,2464.0,14.29,33.33
Brandon Ward,Fastball,102,83,19,76.1,85.19,12,9,1,1,1,2,22,0.5,0.435,0.75,0.549,0.457,0.484,80.09,8.74,1922.0,10.78,16.67
Brandon Ward,Curveball,26,22,4,19.4,74.4,1,0,0,0,1,3,1,0.25,0.222,1.0,0.583,0.058,0.394,96.71,23.88,1883.0,3.85,37.5
Brandon Ward,Changeup,6,5,1,4.5,77.62,1,1,0,0,0,1,2,0.333,,0.333,,0.025,,90.43,-15.34,1340.0,16.67,33.33
Jackson Natanek,Fastball,15,7,8,68.2,90.44,1,1,0,0,0,1,2,0.333,,0.333,,0.223,,85.29,0.82,2298.0,13.33,20.0
Jackson Natanek,Curveball,1,0,1,4.5,80.91,0,0,0,0,0,1,0,0.0,,0.0,,0.0,,,,2545.0,0.0,100.0
Jackson Natanek,Slider,6,5,1,27.3,81.0,0,0,0,0,0,0,1,0.0,,0.0,,0.0,,,,2584.0,0.0,0.0
Connor Hale,Fastball,147,77,70,78.2,80.02,12,6,5,0,1,3,28,0.375,0.319,0.625,0.495,0.404,0.437,83.47,21.85,1980.0,10.2,8.57
Connor Hale,Slider,40,24,16,21.3,68.39,2,1,0,0,1,4,5,0.222,0.117,0.556,0.25,0.091,0.311,80.98,4.74,1683.0,20.0,36.36
Connor Hale,Cutter,1,1,0,0.5,68.86,0,0,0,0,0,0,0,0.0,,0.0,,0.0,,77.14,-4.57,1696.0,0.0,NaN
Luke Gallet,Fastball,152,98,54,65.8,81.8,7,7,0,0,0,9,26,0.2,0.149,0.2,0.227,0.177,0.314,76.34,18.0,2010.0,11.84,25.71
Luke Gallet,Curveball,50,39,11,21.6,70.68,0,0,0,0,0,4,4,0.0,0.042,0.0,0.125,0.013,0.072,83.02,19.71,2107.0,16.0,22.22
Luke Gallet,Changeup,11,3,8,4.8,74.43,1,1,0,0,0,0,3,0.333,,0.333,,0.016,,,,1654.0,0.0,0.0
Luke Gallet,Slider,18,13,5,7.8,72.13,1,1,0,0,0,0,4,0.25,0.0,0.25,0.688,0.016,0.668,67.94,37.84,1942.0,5.56,0.0
Braden Alexander,Fastball,103,61,42,62.0,82.29,11,5,3,1,2,4,39,0.25,0.371,0.5,0.571,0.28,0.397,82.46,10.48,1919.0,7.77,17.39
Braden Alexander,Curveball,20,14,6,12.0,69.96,0,0,0,0,0,0,2,0.0,0.333,0.0,0.375,0.0,0.278,81.04,-18.59,2083.0,10.0,0.0
Braden Alexander,Changeup,9,2,7,5.4,76.37,0,0,0,0,0,1,0,0.0,,0.0,,0.0,,,,1797.0,22.22,50.0
Braden Alexander,Slider,34,25,9,20.5,68.31,2,2,0,0,0,1,5,0.333,0.283,0.333,0.3,0.032,0.299,79.1,10.76,2036.0,11.76,16.67
Marshall Ingold,Slider,17,12,5,9.2,66.74,3,3,0,0,0,1,6,0.429,0.357,0.429,0.491,0.05,0.606,77.29,13.91,1947.0,5.88,25.0
Marshall Ingold,Fastball,85,55,30,45.9,79.12,10,8,2,0,0,5,17,0.435,0.401,0.522,0.461,0.195,0.369,83.05,9.93,1571.0,9.41,23.81
Marshall Ingold,Changeup,18,13,5,9.7,71.18,1,1,0,0,0,1,3,0.25,0.333,0.25,0.5,0.017,,78.97,-6.69,1654.0,5.56,9.09
Marshall Ingold,Curveball,63,32,29,34.1,66.84,4,2,2,0,0,1,13,0.308,0.273,0.462,0.375,0.108,0.368,80.18,21.23,1969.0,4.76,7.14
Marshall Ingold,Sinker,2,2,0,1.1,71.35,0,0,0,0,0,0,2,0.0,0.208,0.0,0.562,0.0,0.394,84.14,34.21,1638.0,0.0,0.0
Cameron Clifton,Fastball,91,52,34,45.5,78.22,6,3,3,0,0,0,23,0.273,0.267,0.409,0.681,0.162,0.491,79.91,19.78,1869.0,5.49,0.0
Cameron Clifton,Changeup,15,6,7,7.5,72.17,3,2,0,1,0,2,8,0.333,0.556,0.556,0.604,0.059,0.636,84.28,12.0,1559.0,6.67,50.0
Cameron Clifton,Slider,22,19,3,11.0,70.46,2,0,2,0,0,0,6,0.333,0.292,0.667,0.469,0.045,0.337,70.7,12.66,2015.0,4.55,0.0
Cameron Clifton,Curveball,47,31,12,23.5,65.74,3,2,1,0,0,1,6,0.429,0.208,0.571,0.375,0.066,0.565,72.86,32.33,1862.0,2.13,9.09
Cameron Clifton,Cutter,25,19,4,12.5,72.27,2,2,0,0,0,2,5,0.286,0.15,0.286,0.2,0.031,0.079,86.14,22.05,1987.0,24.0,28.57
Andrew Tay,Slider,11,9,2,9.6,80.19,1,0,1,0,0,1,1,0.5,0.333,1.0,0.812,0.047,0.447,95.32,28.2,1942.0,0.0,33.33
Andrew Tay,Fastball,94,70,19,81.7,87.01,5,4,1,0,0,5,13,0.263,0.221,0.316,0.265,0.283,0.304,79.17,21.12,1960.0,13.83,23.81
Andrew Tay,Changeup,7,2,4,6.1,81.94,1,0,0,0,1,1,2,0.333,0.25,1.333,0.521,0.077,0.351,87.43,15.4,1482.0,0.0,33.33
Andrew Tay,Curveball,1,1,0,0.9,70.76,0,0,0,0,0,0,0,0.0,,0.0,,0.0,,,,2567.0,0.0,NaN
Andrew Tay,Cutter,2,2,0,1.7,81.33,0,0,0,0,0,0,0,0.0,,0.0,,0.0,,,,1907.0,0.0,0.0
Canden Hardman,Fastball,121,85,31,53.5,77.59,11,8,3,0,0,4,27,0.355,0.341,0.452,0.426,0.237,0.355,82.46,18.88,1786.0,9.09,15.38
Canden Hardman,Slider,57,50,7,25.2,68.96,5,5,0,0,0,3,11,0.357,0.325,0.357,0.35,0.089,0.291,77.96,8.51,1781.0,3.51,15.79
Canden Hardman,Changeup,31,19,12,13.7,72.16,1,0,1,0,0,3,4,0.143,0.1,0.286,0.125,0.022,0.121,74.66,9.96,1376.0,16.13,33.33
Canden Hardman,Cutter,10,10,0,4.4,69.05,0,0,0,0,0,0,0,0.0,,0.0,,0.0,,,,1759.0,20.0,0.0
Canden Hardman,Curveball,7,7,0,3.1,69.01,0,0,0,0,0,2,1,0.0,0.0,0.0,0.0,0.0,0.0,,,2183.0,28.57,66.67
Donte Frantz,Curveball,51,36,14,28.2,73.49,1,1,0,0,0,5,3,0.125,0.131,0.125,0.188,0.058,0.268,74.95,11.31,2487.0,5.88,31.25
Donte Frantz,Fastball,124,72,44,68.5,81.77,4,3,1,0,0,6,19,0.154,0.22,0.192,0.301,0.168,0.438,71.46,26.13,1881.0,13.71,20.0
Donte Frantz,Changeup,4,1,3,2.2,76.29,0,0,0,0,0,0,0,0.0,,0.0,,0.0,,,,1516.0,0.0,0.0
Donte Frantz,Slider,2,0,2,1.1,74.15,0,0,0,0,0,1,0,0.0,,0.0,,0.0,,,,2598.0,50.0,100.0
Cade Starrick,Fastball,93,49,35,52.5,84.22,6,4,2,0,0,4,15,0.3,0.25,0.4,0.529,0.189,0.44,80.57,22.44,2241.0,9.68,19.05
Cade Starrick,Slider,79,53,23,44.6,76.69,6,6,0,0,0,5,14,0.3,0.296,0.3,0.41,0.143,0.39,79.37,9.13,2418.0,10.13,22.73
Cade Starrick,Changeup,5,2,3,2.8,79.81,1,1,0,0,0,0,1,1.0,0.917,1.0,0.938,0.019,0.859,80.41,16.3,1679.0,20.0,0.0
Joey Kahwaji,Knuckleball,145,111,32,66.5,58.13,9,6,1,1,1,5,30,0.257,0.301,0.429,0.347,0.243,0.383,75.1,23.24,226.0,9.66,15.15
Joey Kahwaji,Fastball,72,57,14,33.0,74.7,0,0,0,0,0,8,8,0.0,0.12,0.0,0.125,0.062,0.313,70.2,26.54,1852.0,9.72,40.0
Joey Kahwaji,Changeup,1,1,0,0.5,76.32,0,0,0,0,0,0,0,0.0,,0.0,,0.0,,,,1845.0,0.0,NaN
Noah Suttles,Fastball,32,25,7,11.9,85.57,3,3,0,0,0,0,7,0.429,0.25,0.429,0.4,0.044,0.41,84.23,14.46,2097.0,3.12,0.0
Noah Suttles,Cutter,23,19,4,8.6,79.33,1,1,0,0,0,0,2,0.5,0.417,0.5,0.5,0.012,0.546,88.93,12.02,2319.0,8.7,0.0
Noah Suttles,Changeup,51,28,22,19.0,73.23,3,2,0,1,0,3,16,0.158,0.146,0.263,0.211,0.063,0.225,70.64,23.03,1328.0,7.84,23.08
Noah Suttles,Slider,76,61,13,28.3,74.99,5,5,0,0,0,5,18,0.217,0.245,0.217,0.323,0.059,0.328,77.42,12.66,2401.0,9.21,27.78
Noah Suttles,Sinker,81,49,27,30.1,85.09,3,3,0,0,0,2,13,0.2,0.303,0.2,0.438,0.09,0.388,82.74,24.88,2082.0,4.94,9.52
Noah Suttles,Curveball,6,5,1,2.2,73.63,0,0,0,0,0,0,1,0.0,0.417,0.0,1.5,0.0,0.894,93.2,23.32,2475.0,0.0,0.0
Devan Tupper,Slider,96,74,22,37.2,77.62,7,7,0,0,0,9,16,0.28,0.259,0.28,0.316,0.108,0.284,80.3,18.74,2090.0,14.58,32.14
Devan Tupper,Fastball,144,86,54,55.8,85.63,15,14,1,0,0,3,37,0.385,0.371,0.41,0.397,0.223,0.37,78.29,13.82,1682.0,4.86,12.0
Devan Tupper,Sinker,1,1,0,0.4,85.55,0,0,0,0,0,0,1,0.0,0.25,0.0,0.25,0.0,0.167,86.95,-8.81,1638.0,0.0,0.0
Devan Tupper,Curveball,2,2,0,0.8,76.66,0,0,0,0,0,0,0,0.0,,0.0,,0.0,,,,2065.0,0.0,0.0
Devan Tupper,Splitter,12,6,5,4.7,79.75,2,2,0,0,0,0,2,1.0,1.0,1.0,1.188,0.035,0.938,86.71,11.51,1331.0,0.0,0.0
Devan Tupper,Changeup,3,0,3,1.2,78.13,0,0,0,0,0,0,0,0.0,,0.0,,0.0,,,,1221.0,0.0,0.0
Cooper Stolfa,Fastball,176,143,33,79.3,79.52,6,3,2,0,1,5,19,0.25,0.272,0.458,0.467,0.415,0.418,79.27,25.22,2060.0,7.39,11.9
Cooper Stolfa,Cutter,8,8,0,3.6,71.88,0,0,0,0,0,0,0,0.0,,0.0,,0.0,,64.82,47.66,1877.0,0.0,0.0
Cooper Stolfa,Splitter,4,4,0,1.8,68.22,1,0,1,0,0,0,1,1.0,0.667,2.0,0.688,0.033,0.636,70.54,31.3,1295.0,0.0,0.0
Cooper Stolfa,Changeup,4,4,0,1.8,72.01,0,0,0,0,0,0,0,0.0,,0.0,,0.0,,,,1439.0,0.0,0.0
Cooper Stolfa,Curveball,26,19,7,11.7,68.33,3,2,1,0,0,1,4,0.6,0.3,0.8,0.338,0.119,0.237,81.66,21.92,1641.0,19.23,16.67
Cooper Stolfa,Slider,1,1,0,0.5,72.27,0,0,0,0,0,0,0,0.0,,0.0,,0.0,,,,1804.0,0.0,NaN
Cooper Stolfa,Sinker,3,2,1,1.4,74.34,0,0,0,0,0,0,0,0.0,,0.0,,0.0,,,,1788.0,33.33,0.0
Tyler Dowling,Fastball,42,31,9,58.3,84.3,2,1,1,0,0,2,10,0.167,,0.25,,0.159,,80.25,16.58,1930.0,4.76,28.57
Tyler Dowling,Curveball,8,6,1,11.1,73.69,0,0,0,0,0,1,1,0.0,,0.0,,0.039,,62.77,12.58,2306.0,0.0,20.0
Tyler Dowling,Changeup,15,9,4,20.8,79.16,0,0,0,0,0,0,0,0.0,,0.0,,0.039,,,,1569.0,13.33,0.0
Tyler Dowling,Cutter,7,6,0,9.7,81.22,1,1,0,0,0,0,1,1.0,,1.0,,0.05,,80.94,14.75,2173.0,14.29,0.0
Adan Nieves,Cutter,18,8,10,18.2,77.96,1,0,1,0,0,0,2,0.5,0.25,1.0,0.688,0.079,0.556,78.17,30.65,1762.0,5.56,0.0
Adan Nieves,Curveball,17,9,7,17.2,66.51,1,1,0,0,0,2,2,0.25,0.306,0.25,0.333,0.065,0.313,71.08,-15.78,1980.0,0.0,33.33
Adan Nieves,Changeup,13,7,5,13.1,71.61,0,0,0,0,0,1,3,0.0,0.389,0.0,0.417,0.0,0.408,63.88,-2.41,1427.0,15.38,20.0
Adan Nieves,Slider,2,1,1,2.0,68.34,0,0,0,0,0,1,0,0.0,0.0,0.0,0.0,0.029,0.0,,,1543.0,50.0,50.0
Adan Nieves,Fastball,49,31,16,49.5,80.05,5,5,0,0,0,1,10,0.455,0.4,0.455,0.575,0.234,0.537,79.41,9.75,1869.0,6.12,7.69
Madden Johnson,Fastball,82,72,10,54.7,85.27,4,1,3,0,0,7,13,0.182,0.225,0.318,0.388,0.161,0.289,80.41,8.77,2002.0,21.95,38.89
Madden Johnson,Curveball,9,8,1,6.0,73.9,0,0,0,0,0,1,0,0.0,0.0,0.0,0.0,0.019,0.0,,,1999.0,22.22,50.0
Madden Johnson,Changeup,15,12,3,10.0,78.85,2,2,0,0,0,1,5,0.333,0.267,0.333,0.362,0.103,0.37,81.69,15.14,1447.0,6.67,25.0
Madden Johnson,Slider,38,34,4,25.3,74.5,2,2,0,0,0,0,5,0.4,0.25,0.4,0.312,0.047,0.278,80.31,18.89,1966.0,0.0,0.0
Madden Johnson,Splitter,6,5,1,4.0,78.07,1,0,1,0,0,0,2,0.5,,1.0,,0.033,,89.11,31.28,1486.0,0.0,NaN
Brayden Zilis,Fastball,10,10,0,55.6,90.07,0,0,0,0,0,1,0,0.0,0.0,0.0,0.0,0.232,,,,2333.0,20.0,20.0
Brayden Zilis,Slider,8,8,0,44.4,79.47,0,0,0,0,0,1,0,0.0,0.0,0.0,0.0,0.0,,75.69,45.52,2691.0,0.0,33.33
Nolan Bowles,Fastball,117,78,36,76.5,81.89,8,7,1,0,0,1,20,0.4,0.41,0.45,0.453,0.419,0.495,78.09,23.71,2097.0,3.42,7.14
Nolan Bowles,Slider,10,1,8,6.5,70.3,1,0,1,0,0,0,1,1.0,,2.0,,0.052,,91.56,19.76,2025.0,0.0,0.0
Nolan Bowles,Changeup,11,6,5,7.2,70.03,0,0,0,0,0,1,1,0.0,0.0,0.0,0.0,0.019,0.0,80.32,33.82,1498.0,18.18,33.33
Nolan Bowles,Cutter,1,0,0,0.7,73.52,0,0,0,0,0,0,0,0.0,,0.0,,0.0,,,,2009.0,0.0,NaN
Nolan Bowles,Curveball,9,6,3,5.9,69.14,2,2,0,0,0,0,2,1.0,0.833,1.0,0.875,0.066,0.78,77.23,18.12,2041.0,0.0,0.0
Nolan Bowles,Sinker,5,3,2,3.3,77.83,1,1,0,0,0,0,1,1.0,0.75,1.0,0.688,0.023,0.668,76.04,12.75,2047.0,20.0,NaN
Benedict Hendrickson,Fastball,22,18,4,64.7,76.84,0,0,0,0,0,0,2,0.0,,0.0,,0.298,,63.42,20.83,1784.0,4.55,0.0
Benedict Hendrickson,Curveball,12,12,0,35.3,69.21,0,0,0,0,0,1,0,0.0,,0.0,,0.203,,100.98,18.43,2000.0,8.33,50.0
Mitchell Wilson,Fastball,135,103,31,78.5,81.06,5,5,0,0,0,5,21,0.208,0.254,0.208,0.378,0.284,0.369,78.81,23.43,1640.0,4.44,17.86
Mitchell Wilson,Slider,15,10,5,8.7,72.99,1,1,0,0,0,1,1,0.5,0.458,0.5,0.5,0.023,0.402,80.84,13.7,1658.0,0.0,14.29
Mitchell Wilson,Changeup,7,6,0,4.1,73.96,0,0,0,0,0,0,0,0.0,,0.0,,0.018,,,,1544.0,0.0,0.0
Mitchell Wilson,Cutter,15,9,6,8.7,72.64,1,1,0,0,0,0,2,0.5,0.0,0.5,0.062,0.042,0.375,67.05,-34.21,1677.0,6.67,0.0
Kellen Hershberger,Fastball,127,68,54,60.8,78.91,3,3,0,0,0,2,19,0.143,0.183,0.143,0.281,0.161,0.318,81.68,24.63,1904.0,5.51,8.0
Kellen Hershberger,Curveball,72,40,30,34.4,67.09,5,3,2,0,0,4,18,0.208,0.394,0.292,0.477,0.114,0.393,77.1,7.54,2033.0,12.5,28.57
Kellen Hershberger,Changeup,4,2,1,1.9,74.33,1,1,0,0,0,0,2,0.5,0.542,0.5,0.531,0.017,0.446,68.94,10.34,1853.0,0.0,0.0
Kellen Hershberger,Sinker,6,2,4,2.9,76.58,1,1,0,0,0,0,1,1.0,,1.0,,0.017,,,,1807.0,0.0,0.0
Jonah Roper,Sinker,8,0,8,9.2,73.36,0,0,0,0,0,1,1,0.0,,0.0,,0.0,,66.13,17.76,1910.0,12.5,25.0
Jonah Roper,Fastball,48,31,17,55.2,83.66,1,1,0,0,0,1,4,0.2,,0.2,,0.142,,81.26,14.4,2176.0,6.25,33.33
Jonah Roper,Curveball,24,22,2,27.6,71.69,4,3,1,0,0,1,6,0.571,,0.714,,0.289,,70.69,9.88,2015.0,12.5,16.67
Jonah Roper,Changeup,7,4,3,8.0,73.49,0,0,0,0,0,0,2,0.0,,0.0,,0.0,,68.85,24.13,1992.0,0.0,0.0
Braden Deverman,Changeup,15,12,3,12.5,79.66,0,0,0,0,0,1,0,0.0,0.0,0.0,0.0,0.062,0.348,,,1977.0,13.33,50.0
Braden Deverman,Fastball,59,38,18,49.2,87.49,3,3,0,0,0,2,6,0.375,0.312,0.375,0.438,0.361,0.55,83.03,23.56,2256.0,5.08,28.57
Braden Deverman,Slider,46,30,12,38.3,79.06,1,1,0,0,0,1,2,0.333,,0.333,,0.16,,72.37,-13.81,2151.0,6.52,14.29
Braden Mehn,Slider,46,29,17,20.5,65.86,1,1,0,0,0,4,9,0.071,0.24,0.071,0.258,0.039,0.316,69.8,15.96,2011.0,6.52,22.22
Braden Mehn,Sinker,129,85,44,57.6,74.42,7,4,0,2,1,7,24,0.241,0.387,0.483,0.676,0.197,0.485,82.7,15.02,1667.0,9.3,22.22
Braden Mehn,Changeup,1,1,0,0.4,67.57,0,0,0,0,0,0,0,0.0,,0.0,,0.0,,,,2176.0,0.0,NaN
Braden Mehn,Cutter,14,9,5,6.2,65.12,1,1,0,0,0,0,1,1.0,0.167,1.0,0.125,0.027,0.111,66.2,-10.56,2001.0,0.0,0.0
Braden Mehn,Curveball,9,7,2,4.0,65.33,1,1,0,0,0,1,1,0.5,0.417,0.5,0.406,0.015,0.306,77.06,20.27,2030.0,11.11,14.29
Braden Mehn,Fastball,25,14,11,11.2,75.43,2,2,0,0,0,1,5,0.333,0.479,0.333,0.562,0.042,0.459,73.59,29.1,1680.0,16.0,20.0
Joe Stellano,Fastball,173,124,49,82.0,87.03,9,7,2,0,0,15,33,0.188,0.178,0.229,0.28,0.176,0.232,78.96,14.03,2054.0,13.87,37.5
Joe Stellano,Slider,27,24,3,12.8,77.96,0,0,0,0,0,1,4,0.0,0.417,0.0,0.438,0.0,0.278,72.88,27.29,2088.0,7.41,10.0
Joe Stellano,Cutter,6,5,1,2.8,77.72,0,0,0,0,0,1,0,0.0,0.0,0.0,0.0,0.0,0.0,,,2155.0,0.0,50.0
Joe Stellano,Sinker,3,1,2,1.4,87.76,0,0,0,0,0,0,1,0.0,,0.0,,0.0,,,,1752.0,0.0,NaN
Joe Stellano,Changeup,2,2,0,0.9,81.45,1,1,0,0,0,1,1,0.5,,0.5,,0.015,,82.71,-1.98,2118.0,50.0,50.0
Jack Piper,Sinker,35,20,15,19.4,75.46,3,2,0,1,0,3,6,0.333,0.2,0.556,0.225,0.065,0.198,78.3,0.28,1478.0,17.14,21.43
Jack Piper,Fastball,71,45,26,39.4,79.37,8,5,3,0,0,5,17,0.381,0.348,0.524,0.528,0.159,0.464,77.79,13.2,1763.0,5.63,35.71
Jack Piper,Curveball,52,37,15,28.9,68.19,5,2,3,0,0,3,9,0.417,0.283,0.667,0.425,0.121,0.49,80.64,16.33,1783.0,11.54,23.08
Jack Piper,Changeup,10,5,5,5.6,73.92,2,2,0,0,0,0,5,0.4,0.208,0.4,0.344,0.034,0.308,63.33,3.1,1223.0,0.0,0.0
Jack Piper,Cutter,1,1,0,0.6,74.42,0,0,0,0,0,0,0,0.0,,0.0,,0.0,,,,1825.0,0.0,NaN
Jack Piper,Slider,11,3,8,6.1,75.0,1,1,0,0,0,2,2,0.333,1.0,0.333,1.312,0.017,0.883,83.45,21.98,1411.0,27.27,100.0
Nolan Vanduzer,Curveball,3,0,3,3.2,67.65,0,0,0,0,0,0,0,0.0,,0.0,,0.0,,,,2000.0,0.0,0.0
Nolan Vanduzer,Fastball,67,45,22,72.0,78.7,5,1,2,0,2,3,11,0.357,0.298,0.929,0.518,0.387,0.42,79.74,19.12,2000.0,13.43,23.08
Nolan Vanduzer,Sinker,13,8,5,14.0,75.52,1,1,0,0,0,0,4,0.25,0.25,0.25,0.406,0.036,0.293,72.08,13.39,1900.0,7.69,0.0
Nolan Vanduzer,Slider,7,6,1,7.5,73.02,1,1,0,0,0,0,3,0.333,0.458,0.333,0.688,0.063,0.605,82.65,12.68,2045.0,0.0,0.0
Nolan Vanduzer,Changeup,3,1,2,3.2,74.24,0,0,0,0,0,0,0,0.0,,0.0,,0.0,,,,1514.0,0.0,NaN
Brett Granger,Fastball,128,93,35,75.7,78.06,13,9,4,0,0,4,31,0.371,0.288,0.486,0.406,0.268,0.36,82.22,15.6,1608.0,11.72,36.36
Brett Granger,Curveball,20,17,3,11.8,55.85,3,3,0,0,0,2,4,0.5,0.639,0.5,0.625,0.063,0.525,71.41,6.6,1565.0,10.0,50.0
Brett Granger,Sinker,5,2,3,3.0,78.1,1,1,0,0,0,0,2,0.5,0.5,0.5,0.438,0.017,,81.41,2.11,1692.0,0.0,NaN
Brett Granger,Changeup,12,11,1,7.1,68.94,2,2,0,0,0,0,6,0.333,0.45,0.333,0.625,0.046,0.58,87.31,6.32,1143.0,8.33,0.0
Brett Granger,Splitter,4,2,2,2.4,65.53,0,0,0,0,0,1,1,0.0,0.0,0.0,0.0,0.0,0.0,82.35,44.44,1013.0,25.0,50.0
Caleb Ochs,Fastball,133,93,40,77.3,79.87,17,13,4,0,0,4,36,0.425,0.306,0.525,0.429,0.347,0.349,83.63,13.16,1701.0,10.53,17.39
Caleb Ochs,Changeup,12,5,7,7.0,73.78,1,0,0,1,0,2,2,0.25,0.0,0.75,0.0,0.031,0.0,80.75,26.66,1829.0,16.67,50.0
Caleb Ochs,Curveball,25,24,1,14.5,69.0,0,0,0,0,0,2,3,0.0,0.111,0.0,0.146,0.0,0.056,84.18,-6.24,1833.0,12.0,33.33
Caleb Ochs,Sinker,2,1,1,1.2,73.41,0,0,0,0,0,0,1,0.0,,0.0,,0.0,,,,1928.0,0.0,NaN
Lawson Shickel,Fastball,104,64,40,74.8,81.57,4,3,1,0,0,5,11,0.25,0.333,0.312,0.483,0.354,0.522,82.03,20.95,1988.0,3.85,19.23
Lawson Shickel,Slider,15,12,3,10.8,73.46,0,0,0,0,0,0,1,0.0,0.75,0.0,0.688,0.0,0.668,63.78,32.25,2159.0,13.33,0.0
Lawson Shickel,Curveball,19,18,1,13.7,71.3,0,0,0,0,0,2,2,0.0,0.056,0.0,0.146,0.0,0.0,72.33,48.2,2114.0,21.05,22.22
Lawson Shickel,Sinker,1,0,1,0.7,79.87,0,0,0,0,0,0,0,0.0,,0.0,,0.024,0.695,,,,0.0,NaN
Thomas Mickels,Fastball,151,107,44,54.9,80.51,13,11,1,1,0,6,24,0.448,0.434,0.552,0.52,0.227,0.441,81.15,19.55,1735.0,7.95,16.22
Thomas Mickels,Changeup,32,12,20,11.6,73.87,0,0,0,0,0,0,3,0.0,0.167,0.0,0.344,0.0,0.211,72.43,28.59,1578.0,9.38,0.0
Thomas Mickels,Slider,14,9,5,5.1,67.75,3,2,1,0,0,0,7,0.429,0.306,0.571,0.365,0.045,0.324,80.06,16.53,1561.0,0.0,0.0
Thomas Mickels,Cutter,67,52,15,24.4,69.35,4,4,0,0,0,8,13,0.19,0.25,0.19,0.279,0.063,0.178,73.36,13.13,1559.0,14.93,33.33
Thomas Mickels,Sinker,11,7,4,4.0,74.79,1,0,0,1,0,1,2,0.333,0.056,1.0,0.146,0.024,0.336,78.73,38.11,1542.0,18.18,25.0
Owen Shissler,Fastball,52,44,8,78.8,86.12,1,1,0,0,0,5,4,0.091,0.0,0.091,0.0,0.099,0.139,71.74,13.41,1962.0,25.0,27.78
Owen Shissler,Slider,5,5,0,7.6,76.82,0,0,0,0,0,2,0,0.0,0.0,0.0,0.0,0.0,0.0,,,1882.0,40.0,66.67
Owen Shissler,Cutter,9,4,5,13.6,75.09,1,1,0,0,0,1,1,0.5,0.167,0.5,0.156,0.056,0.179,74.74,32.62,1833.0,0.0,16.67
Jack Stellano,Fastball,32,17,15,97.0,85.16,0,0,0,0,0,4,2,0.0,,0.0,,0.116,,64.78,42.55,1858.0,21.88,25.0
Jack Stellano,Changeup,1,1,0,3.0,80.51,0,0,0,0,0,0,0,0.0,,0.0,,0.0,,,,1366.0,0.0,0.0
Teagan Disharoon,Sinker,64,39,25,44.8,76.73,4,3,1,0,0,3,11,0.286,0.5,0.357,0.646,0.151,0.524,80.79,17.96,1629.0,6.25,30.0
Teagan Disharoon,Slider,22,18,4,15.4,67.3,2,2,0,0,0,0,4,0.5,0.306,0.5,0.312,0.045,0.241,67.01,34.83,1908.0,4.55,0.0
Teagan Disharoon,Changeup,19,12,7,13.3,71.87,0,0,0,0,0,0,3,0.0,0.458,0.0,0.562,0.017,0.541,82.14,31.97,1555.0,10.53,0.0
Teagan Disharoon,Fastball,23,23,0,16.1,79.16,2,2,0,0,0,2,6,0.25,0.292,0.25,0.938,0.045,0.591,82.9,30.29,1695.0,21.74,50.0
Teagan Disharoon,Cutter,14,10,4,9.8,65.45,1,0,1,0,0,1,4,0.167,0.15,0.333,0.188,0.049,0.309,73.61,19.6,1895.0,7.14,20.0
Teagan Disharoon,Splitter,1,0,1,0.7,72.86,0,0,0,0,0,0,0,0.0,,0.0,,0.0,,,,1499.0,0.0,NaN
Brayden Elliott,Fastball,20,5,15,45.5,82.35,4,2,2,0,0,0,7,0.571,0.467,0.857,0.675,0.309,,76.42,25.46,1947.0,10.0,0.0
Brayden Elliott,Sinker,2,0,2,4.5,74.7,0,0,0,0,0,0,0,0.0,,0.0,,0.0,,,,2319.0,0.0,NaN
Brayden Elliott,Curveball,13,5,8,29.5,73.37,0,0,0,0,0,1,2,0.0,0.0,0.0,0.0,0.05,,63.58,47.85,2331.0,7.69,33.33
Brayden Elliott,Changeup,1,0,1,2.3,75.7,0,0,0,0,0,0,0,0.0,,0.0,,0.0,,,,1608.0,0.0,NaN
Brayden Elliott,Slider,8,1,7,18.2,73.91,0,0,0,0,0,1,2,0.0,0.25,0.0,0.281,0.0,,84.65,-2.36,2274.0,37.5,100.0
Brennan Tomhave,Fastball,60,38,20,76.9,84.93,4,2,2,0,0,4,9,0.308,,0.462,,0.264,,72.09,10.45,1982.0,10.0,40.0
Brennan Tomhave,Changeup,4,2,2,5.1,74.25,0,0,0,0,0,0,0,0.0,,0.0,,0.0,,,,1651.0,0.0,NaN
Brennan Tomhave,Slider,14,11,3,17.9,73.74,1,1,0,0,0,2,3,0.2,,0.2,,0.047,,86.69,-8.72,2242.0,0.0,66.67
Brody Stonecipher,Fastball,168,107,61,68.9,83.51,10,9,1,0,0,7,21,0.345,0.231,0.379,0.365,0.273,0.355,76.5,20.01,2004.0,9.52,11.67
Brody Stonecipher,Slider,47,35,12,19.3,73.77,2,1,1,0,0,3,7,0.2,0.204,0.3,0.292,0.069,0.233,75.84,35.86,2340.0,4.26,15.79
Brody Stonecipher,Changeup,29,9,20,11.9,76.75,3,3,0,0,0,3,5,0.375,0.139,0.375,0.177,0.065,0.0,82.18,28.49,1700.0,10.34,23.08
Carter Sellers,Fastball,84,55,26,67.2,86.81,4,3,1,0,0,3,9,0.333,0.0,0.417,0.0,0.275,,75.09,27.84,1897.0,9.52,20.0
Carter Sellers,Cutter,39,20,17,31.2,74.16,0,0,0,0,0,4,4,0.0,,0.0,,0.027,,65.43,11.3,2069.0,2.56,40.0
Carter Sellers,Slider,2,1,1,1.6,73.58,0,0,0,0,0,1,0,0.0,0.0,0.0,0.0,0.026,,,,2038.0,50.0,50.0
Cayden Rose,Sinker,17,11,6,6.3,70.3,4,3,1,0,0,1,6,0.571,0.319,0.714,0.438,0.055,0.111,83.7,0.28,1491.0,11.76,33.33
Cayden Rose,Fastball,173,110,57,63.8,75.68,9,6,2,1,0,4,32,0.243,0.27,0.351,0.335,0.199,0.225,75.32,20.88,1752.0,6.94,14.29
Cayden Rose,Changeup,41,24,17,15.1,68.9,4,3,0,0,1,3,12,0.267,0.108,0.467,0.144,0.066,0.07,71.49,20.0,1466.0,14.63,25.0
Cayden Rose,Cutter,15,11,4,5.5,67.16,0,0,0,0,0,0,1,0.0,,0.0,,0.0,,84.81,38.44,1433.0,6.67,0.0
Cayden Rose,Curveball,12,4,8,4.4,66.09,1,0,1,0,0,0,2,0.5,0.375,1.0,0.906,0.018,0.642,90.06,28.18,1309.0,0.0,0.0
Cayden Rose,Slider,13,7,5,4.8,67.04,1,0,1,0,0,0,2,0.5,0.667,1.0,0.812,0.027,0.771,83.41,30.85,1467.0,0.0,0.0
Ethan Plym,Fastball,94,55,39,43.5,83.15,5,3,2,0,0,2,12,0.357,0.299,0.5,0.505,0.186,0.466,85.43,21.22,1745.0,8.51,9.52
Ethan Plym,Slider,56,39,17,25.9,72.18,4,2,1,0,1,6,5,0.4,0.296,0.8,0.438,0.142,0.334,81.15,7.06,1984.0,8.93,31.58
Ethan Plym,Changeup,4,1,3,1.9,75.82,1,1,0,0,0,0,3,0.333,0.5,0.333,0.469,0.017,0.413,82.91,-1.8,1376.0,0.0,0.0
Ethan Plym,Curveball,61,46,15,28.2,72.2,3,3,0,0,0,3,10,0.214,0.217,0.214,0.256,0.107,0.392,77.06,22.77,2036.0,4.92,13.04
Ethan Plym,Sinker,1,0,1,0.5,84.63,0,0,0,0,0,1,0,0.0,0.0,0.0,0.0,0.0,0.0,,,1729.0,100.0,100.0
Ethan Robbins,Fastball,127,80,47,56.7,75.4,10,8,2,0,0,3,20,0.455,0.306,0.545,0.375,0.306,0.36,80.76,14.63,1887.0,4.72,15.0
Ethan Robbins,Slider,12,5,7,5.4,66.48,1,1,0,0,0,0,1,1.0,0.083,1.0,0.125,0.018,0.111,65.29,2.35,1189.0,0.0,0.0
Ethan Robbins,Changeup,38,29,9,17.0,73.93,3,3,0,0,0,1,7,0.375,0.385,0.375,0.555,0.067,0.801,78.98,20.37,1865.0,10.53,12.5
Ethan Robbins,Sinker,43,32,11,19.2,75.02,1,1,0,0,0,2,8,0.1,0.1,0.1,0.162,0.032,0.196,71.47,22.35,1743.0,6.98,28.57
Ethan Robbins,Curveball,1,1,0,0.4,55.98,0,0,0,0,0,0,0,0.0,,0.0,,0.0,,,,3334.0,0.0,NaN
Ethan Robbins,Cutter,3,1,2,1.3,66.22,0,0,0,0,0,1,0,0.0,0.0,0.0,0.0,0.0,0.0,,,1357.0,33.33,100.0
Jack Wisdom,Fastball,56,38,16,58.9,80.24,7,4,1,2,0,2,17,0.368,0.269,0.632,0.418,0.31,0.315,74.24,22.74,2021.0,7.14,28.57
Jack Wisdom,Slider,31,29,2,32.6,72.67,0,0,0,0,0,1,3,0.0,0.375,0.0,0.344,0.053,0.534,84.19,39.14,2315.0,9.68,11.11
Jack Wisdom,Changeup,1,0,0,1.1,73.81,0,0,0,0,0,0,0,0.0,,0.0,,0.0,,,,1365.0,0.0,NaN
Jack Wisdom,Curveball,7,7,0,7.4,75.28,1,1,0,0,0,0,1,1.0,0.667,1.0,0.688,0.034,0.724,70.98,15.23,2559.0,14.29,0.0
Jackson Beiler,Slider,21,15,6,20.4,76.1,2,2,0,0,0,2,4,0.333,0.0,0.333,0.031,0.077,0.0,78.66,4.28,1880.0,14.29,33.33
Jackson Beiler,Fastball,79,45,34,76.7,86.17,7,6,1,0,0,4,12,0.438,0.345,0.5,0.366,0.349,0.175,75.37,27.32,1789.0,8.86,12.9
Jackson Beiler,Changeup,3,0,3,2.9,80.12,0,0,0,0,0,0,0,0.0,,0.0,,0.0,,,,1413.0,0.0,0.0
Kam Ross,Fastball,18,16,2,28.1,81.53,0,0,0,0,0,2,0,0.0,0.0,0.0,0.0,0.0,0.0,,,1987.0,27.78,40.0
Kam Ross,Sinker,28,16,9,43.8,80.8,3,3,0,0,0,0,5,0.6,0.467,0.6,0.512,0.21,0.464,73.11,19.53,1905.0,10.71,0.0
Kam Ross,Slider,18,12,5,28.1,71.88,1,1,0,0,0,1,5,0.143,0.143,0.143,0.161,0.056,0.199,75.69,17.03,2298.0,16.67,25.0
Logan Lynch,Sinker,17,13,4,6.5,86.02,1,1,0,0,0,0,3,0.333,0.583,0.333,0.562,0.027,0.51,79.33,19.02,2385.0,5.88,0.0
Logan Lynch,Fastball,196,134,62,74.8,87.21,8,8,0,0,0,11,20,0.25,0.118,0.25,0.188,0.287,0.351,72.26,22.63,2362.0,13.27,22.45
Logan Lynch,Curveball,26,11,15,9.9,76.49,1,1,0,0,0,3,2,0.2,0.167,0.2,0.275,0.015,0.282,89.0,19.24,2429.0,7.69,21.43
Logan Lynch,Slider,2,0,2,0.8,79.08,0,0,0,0,0,1,0,0.0,0.0,0.0,0.0,0.0,,,,2485.0,0.0,50.0
Logan Lynch,Changeup,3,2,1,1.1,75.65,0,0,0,0,0,0,0,0.0,,0.0,,0.0,,,,2300.0,0.0,0.0
Logan Lynch,Cutter,18,11,7,6.9,81.76,1,0,1,0,0,1,4,0.2,0.5,0.4,0.594,0.022,0.374,75.43,16.58,2450.0,5.56,12.5
Lucas Frank,Curveball,56,29,22,31.3,68.46,3,3,0,0,0,2,9,0.273,0.431,0.273,0.5,0.059,0.272,75.72,2.05,1959.0,5.36,5.88
Lucas Frank,Fastball,97,39,52,54.2,82.75,10,6,3,1,0,3,23,0.37,0.317,0.556,0.42,0.286,0.38,81.92,9.51,1563.0,8.25,17.65
Lucas Frank,Changeup,22,8,12,12.3,76.42,0,0,0,0,0,3,2,0.0,0.083,0.0,0.229,0.0,0.0,88.39,40.57,1292.0,31.82,60.0
Lucas Frank,Slider,2,0,2,1.1,70.67,0,0,0,0,0,0,0,0.0,,0.0,,0.016,,,,2042.0,0.0,NaN
Lucas Frank,Sinker,1,1,0,0.6,76.43,0,0,0,0,0,0,0,0.0,,0.0,,0.0,,,,1297.0,0.0,NaN
Lucas Frank,Splitter,1,1,0,0.6,75.54,0,0,0,0,0,0,0,0.0,,0.0,,0.0,,,,1231.0,0.0,NaN
Luke Klunke,Fastball,60,44,16,77.9,84.24,3,2,1,0,0,0,10,0.3,0.267,0.4,0.438,0.417,0.546,87.5,10.24,2034.0,6.67,0.0
Luke Klunke,Changeup,3,1,2,3.9,78.14,0,0,0,0,0,0,0,0.0,,0.0,,0.0,,,,1571.0,0.0,NaN
Luke Klunke,Slider,11,7,4,14.3,75.01,0,0,0,0,0,0,1,0.0,,0.0,,0.0,,59.42,66.98,1945.0,0.0,0.0
Luke Klunke,Cutter,3,1,2,3.9,77.85,0,0,0,0,0,1,0,0.0,,0.0,,0.0,,,,1997.0,0.0,33.33
Matt Brummer,Fastball,174,100,73,63.5,85.55,16,14,1,1,0,10,31,0.39,0.318,0.463,0.409,0.297,0.381,79.62,20.49,2134.0,12.07,21.74
Matt Brummer,Slider,24,18,6,8.8,75.07,2,2,0,0,0,2,2,0.667,0.75,0.667,0.75,0.027,0.58,99.69,-2.08,2060.0,12.5,28.57
Matt Brummer,Curveball,63,40,23,23.0,74.34,2,2,0,0,0,6,8,0.143,0.225,0.143,0.225,0.048,0.293,68.98,29.9,2000.0,9.52,33.33
Matt Brummer,Changeup,12,2,10,4.4,79.02,0,0,0,0,0,0,2,0.0,,0.0,,0.0,,80.98,22.76,1911.0,8.33,0.0
Matt Brummer,Sinker,1,0,1,0.4,80.55,0,0,0,0,0,0,0,0.0,,0.0,,0.0,,,,1961.0,0.0,NaN
Miles Woolsey,Fastball,124,84,38,70.5,86.43,1,1,0,0,0,7,16,0.043,0.125,0.043,0.266,0.171,0.369,83.29,16.45,2044.0,11.29,22.58
Miles Woolsey,Curveball,2,2,0,1.1,71.93,0,0,0,0,0,1,0,0.0,,0.0,,0.0,,,,2367.0,50.0,100.0
Miles Woolsey,Changeup,16,6,9,9.1,79.24,1,1,0,0,0,0,2,0.5,0.333,0.5,0.25,0.023,0.278,72.43,-2.78,1956.0,0.0,0.0
Miles Woolsey,Slider,34,31,3,19.3,73.58,1,1,0,0,0,0,5,0.2,0.125,0.2,0.219,0.062,0.344,84.78,26.26,2332.0,14.71,0.0
Owen Laroe,Slider,25,14,10,30.1,67.13,2,2,0,0,0,1,5,0.333,0.229,0.333,0.203,0.124,0.284,76.92,0.56,1695.0,0.0,14.29
Owen Laroe,Fastball,56,34,19,67.5,77.83,4,3,0,0,1,1,8,0.4,0.778,0.7,1.25,0.307,0.827,83.69,22.7,1916.0,7.14,10.0
Owen Laroe,Curveball,1,1,0,1.2,68.92,1,1,0,0,0,0,1,1.0,0.917,1.0,1.0,0.045,,89.29,14.06,,0.0,0.0
Owen Laroe,Changeup,1,1,0,1.2,74.54,0,0,0,0,0,0,0,0.0,,0.0,,0.0,,,,1824.0,0.0,NaN
Patrick Kennedy,Changeup,18,10,8,11.3,73.65,0,0,0,0,0,2,0,0.0,,0.0,,0.0,,,,1473.0,16.67,33.33
Patrick Kennedy,Fastball,108,79,29,67.9,84.39,11,9,2,0,0,5,22,0.407,0.393,0.481,0.54,0.318,0.435,79.14,15.14,2075.0,5.56,22.73
Patrick Kennedy,Slider,13,10,3,8.2,74.32,2,1,0,0,1,1,3,0.5,0.0,1.25,0.0,0.087,0.0,76.64,12.56,1906.0,7.69,16.67
Patrick Kennedy,Curveball,20,16,4,12.6,70.49,0,0,0,0,0,2,2,0.0,0.25,0.0,0.25,0.0,0.223,76.47,-7.86,1803.0,0.0,12.5
Payton Knoll,Fastball,131,96,30,69.7,80.99,7,5,1,1,0,6,13,0.368,0.289,0.526,0.454,0.404,0.442,72.63,19.07,1865.0,6.11,24.0
Payton Knoll,Sinker,37,24,13,19.7,80.98,1,1,0,0,0,3,3,0.167,0.167,0.167,0.188,0.041,0.262,74.98,17.2,1833.0,16.22,33.33
Payton Knoll,Cutter,5,1,4,2.7,66.06,0,0,0,0,0,1,0,0.0,0.0,0.0,0.0,0.0,0.0,,,1747.0,20.0,50.0
Payton Knoll,Splitter,1,1,0,0.5,72.21,0,0,0,0,0,0,0,0.0,,0.0,,0.0,,,,1324.0,0.0,NaN
Payton Knoll,Curveball,4,2,2,2.1,68.6,0,0,0,0,0,0,1,0.0,0.0,0.0,0.0,0.0,0.079,80.64,50.53,1809.0,25.0,0.0
Payton Knoll,Changeup,5,5,0,2.7,71.67,0,0,0,0,0,0,1,0.0,,0.0,,0.0,,,,1214.0,20.0,0.0
Payton Knoll,Slider,5,3,2,2.7,67.75,1,1,0,0,0,0,1,1.0,0.583,1.0,0.562,0.023,0.501,66.41,36.65,1719.0,0.0,0.0
Reed Frazier,Fastball,130,84,46,64.4,81.54,7,6,1,0,0,7,28,0.2,0.212,0.229,0.324,0.183,0.314,79.07,16.44,1882.0,12.31,23.33
Reed Frazier,Slider,39,26,13,19.3,71.23,3,1,1,0,1,2,6,0.375,0.393,0.875,0.67,0.077,0.448,73.54,24.41,1932.0,12.82,22.22
Reed Frazier,Cutter,25,15,10,12.4,74.78,2,2,0,0,0,1,4,0.4,0.25,0.4,0.292,0.032,0.223,72.47,11.63,1945.0,8.0,20.0
Reed Frazier,Curveball,8,6,2,4.0,68.68,0,0,0,0,0,0,1,0.0,,0.0,,0.0,,85.1,20.34,1850.0,12.5,NaN
Trey Blanchette,Sinker,1,1,0,20.0,67.94,0,0,0,0,0,0,1,0.0,,0.0,,0.0,,,,1646.0,0.0,NaN
Trey Blanchette,Fastball,4,2,2,80.0,76.13,2,1,0,0,1,0,2,1.0,0.667,2.5,0.969,0.99,,85.62,21.86,1777.0,0.0,NaN
