Batter,avgExitVelo,maxExitVelo,LASweetSpot,hardHitPct,squaredUpPct,kPct,bbPct,whiffPct,chasePct,xBA,xSLG,xWOBA,xBABIP,babip,avgExitVelo_pct,maxExitVelo_pct,LASweetSpot_pct,hardHitPct_pct,squaredUpPct_pct,bbPct_pct,xBA_pct,xSLG_pct,xWOBA_pct,xBABIP_pct,babip_pct,kPct_pct,whiffPct_pct,chasePct_pct,AB,H,HR,SB,AVG,OBP,SLG,OPS,xWOBA_2,xWOBA_2_pct
Adan Nieves,75.81411954690182,94.1786351207055,0,0.3333333333333333,0,0.25,0,0.3333333333333333,NA,0.1136541064480983,0.1266659004529228,0.10309900102143672,0.3030776171949288,0.3333333333333333,32.30769230769231,58.46153846153847,0,72.3076923076923,0,0,27.142857142857142,27.142857142857142,12.857142857142856,40,35.714285714285715,24.285714285714285,21.428571428571427,NA,11,2,0,2,0.182,0.25,0.273,0.523,0.156,14.492753623188406
Andrew Schweigert,86.88569666161835,95.37062622,0,0.5,0,0.4,0,0.375,0.2727272727272727,0.06557719597332005,0.08913001577181952,0.06216622691112799,0.16394298993330012,0.3333333333333333,93.84615384615384,64.61538461538461,0,93.84615384615384,0,0,11.428571428571429,12.857142857142856,5.714285714285714,1.5384615384615385,35.714285714285715,10,12.857142857142856,28.35820895522388,3,1,0,1,0.333,0.333,0.333,0.667,0.172,15.942028985507244
Bennett Summers,81.55437053957466,95.8639541415523,0.3,0.3,0.1,0,0,0.09090909090909091,0.43478260869565216,0.21451941838750888,0.2827391537988342,0.21223719333286478,0.27887524390376156,0.23076923076923078,73.84615384615385,67.6923076923077,44.61538461538462,67.6923076923077,56.92307692307692,0,72.85714285714285,80,40,32.30769230769231,25.71428571428571,75.71428571428571,77.14285714285715,2.9850746268656714,13,3,0,2,0.231,0.231,0.308,0.538,0.446,78.26086956521739
Blake Willan,80.332355515,95.41417012,0.25,0.25,0,0.2,0.2,0.4444444444444444,0.3125,0.18587744158160807,0.19647746240069022,0.30908739699513554,0.33296598940920846,0.3333333333333333,64.61538461538461,66.15384615384615,26.153846153846157,58.46153846153847,0,78.57142857142857,61.42857142857143,50,81.42857142857143,60,35.714285714285715,44.285714285714285,7.142857142857142,17.91044776119403,NA,NA,NA,NA,NA,NA,NA,NA,NA,NA
Braden Deverman,NA,NA,NA,NA,NA,0,0,0,0,0,0,0,NA,0,NA,NA,NA,NA,NA,0,0,0,0,NA,0,75.71428571428571,85.71428571428571,94.02985074626866,1,0,0,0,0,0,0,0,0,1.4492753623188406
Braden Mehn,NA,NA,NA,NA,NA,0,0,0,1,0,0,0,NA,0.5,NA,NA,NA,NA,NA,0,0,0,0,NA,68.57142857142857,75.71428571428571,85.71428571428571,0,4,3,0,1,0.75,0.833,0.75,1.583,0.606,95.65217391304348
Brady Hart,76.15695948080483,84.3744704730489,0.3333333333333333,0,0,0,0.16666666666666666,0,0.23076923076923078,0.13095005017068748,0.14996240763787003,0.23831583435401033,0.26190010034137495,0.6,35.38461538461539,15.384615384615385,47.69230769230769,0,0,72.85714285714285,34.285714285714285,35.714285714285715,52.85714285714286,23.076923076923077,84.28571428571429,75.71428571428571,85.71428571428571,47.76119402985074,5,3,0,1,0.6,0.667,0.6,1.267,0.325,55.072463768115945
Brady Veselack,67.01263482407886,86.72027863,0.2727272727272727,0,0,0.25,0.25,0.32142857142857145,0.208955223880597,0.09772846380096982,0.09556938588536905,0.2416312861546445,0.2564465632259493,0.2222222222222222,3.076923076923077,23.076923076923077,36.92307692307693,0,0,85.71428571428571,20,15.714285714285714,55.714285714285715,18.461538461538463,24.285714285714285,24.285714285714285,28.57142857142857,61.19402985074627,12,2,0,3,0.167,0.444,0.167,0.611,0.316,44.927536231884055
Brandon Schultz,74.16121647701706,99.0593033904025,0.5555555555555556,0.2222222222222222,0.2222222222222222,0.46153846153846156,0,0.30434782608695654,0.2631578947368421,0.18282329490633112,0.20838566938468633,0.17438712225498498,0.33010503445736084,0.8571428571428571,23.076923076923077,81.53846153846153,84.61538461538461,55.38461538461539,89.23076923076924,0,58.57142857142858,60,24.285714285714285,56.92307692307692,97.14285714285714,7.142857142857142,32.857142857142854,34.32835820895522,13,6,0,2,0.462,0.5,0.462,0.962,0.322,50.72463768115942
Braxton Waller,72.57337109651361,97.66183745,0.4444444444444444,0.3333333333333333,0.1111111111111111,0,0.15384615384615385,0.10526315789473684,0.14285714285714285,0.22200175284525772,0.3092619748192311,0.2852678258328888,0.3186971961714448,0.5454545454545454,20,75.38461538461539,69.23076923076923,72.3076923076923,58.46153846153847,71.42857142857143,77.14285714285715,85.71428571428571,80,47.69230769230769,78.57142857142857,75.71428571428571,75.71428571428571,80.59701492537313,9,5,0,2,0.556,0.583,0.667,1.25,0.596,94.20289855072464
Brayden Windy,NA,NA,NA,NA,NA,0.6666666666666666,0,0.6666666666666666,0.2857142857142857,0,0,0,NA,1,NA,NA,NA,NA,NA,0,0,0,0,NA,98.57142857142858,0,0,25.37313432835821,3,1,0,0,0.333,0.333,0.333,0.667,NA,NA
Brooks Neuhoff,77.657713887773,82.972946495546,0,0,0,0.5,0,0.3333333333333333,0.2,0.09267908686889663,0.1030171891713257,0.0864716346298754,0.23169771717224158,0,46.15384615384615,6.153846153846154,0,0,0,0,15.714285714285714,17.142857142857142,7.142857142857142,13.846153846153847,0,4.285714285714286,21.428571428571427,68.65671641791045,3,0,0,0,0,0.25,0,0.25,NA,NA
Cal Darling,75.43802293533027,101.9182119,0.2222222222222222,0.3333333333333333,0.1111111111111111,0.4,0.13333333333333333,0.28,0.23684210526315788,0.1242802967559049,0.15376351167816854,0.2125593633132521,0.33505591328799694,0.2857142857142857,29.230769230769234,92.3076923076923,21.53846153846154,72.3076923076923,58.46153846153847,60,32.857142857142854,37.142857142857146,41.42857142857143,63.07692307692307,30,10,35.714285714285715,43.28358208955223,9,2,0,1,0.222,0.364,0.333,0.697,0.259,28.985507246376812
Cameron Anderson,81.06145697996847,102.5418418,0.21428571428571427,0.35714285714285715,0.21428571428571427,0.125,0.0625,0.34615384615384615,0.2916666666666667,0.14776314950291092,0.20700806172499006,0.19504411362710053,0.2206076708558906,0.15384615384615385,69.23076923076923,95.38461538461539,16.923076923076923,83.07692307692308,87.6923076923077,40,42.857142857142854,57.14285714285714,30,10.76923076923077,17.142857142857142,57.14285714285714,18.571428571428573,23.88059701492537,14,2,0,1,0.143,0.2,0.143,0.343,0.301,42.028985507246375
Cameron Steinbaugh,91.20294092244528,99.6928852177232,0.3,0.6,0.2,0.21428571428571427,0.07692307692307693,0.16,0.4090909090909091,0.29727293850718195,0.35945076952526467,0.3411090360520227,0.4367454742629956,0.4444444444444444,100,87.6923076923077,44.61538461538462,100,80,42.857142857142854,92.85714285714286,92.85714285714286,90,96.92307692307692,65.71428571428571,40,60,4.477611940298507,12,5,0,2,0.417,0.533,0.583,1.117,0.476,84.05797101449275
Chase Peterson,NA,NA,NA,NA,NA,0,0.5,0,0,0,0,0.3475,NA,0,NA,NA,NA,NA,NA,100,0,0,91.42857142857143,NA,0,75.71428571428571,85.71428571428571,94.02985074626866,NA,NA,NA,NA,NA,NA,NA,NA,NA,NA
Clint Goodman,65.87911773945876,84.80428842,0.4,0,0,0.3333333333333333,0,0.35,0.3181818181818182,0.16841480348613413,0.2026697958673932,0.16151840651562088,0.33682960697226827,0.3333333333333333,1.5384615384615385,16.923076923076923,63.07692307692307,0,0,0,52.85714285714286,52.85714285714286,21.428571428571427,66.15384615384615,35.714285714285715,15.714285714285714,17.142857142857142,16.417910447761194,10,2,0,0,0.2,0.333,0.2,0.533,0.202,20.28985507246377
Cody Delfavero,85.562753139674,99.1921079,0.5882352941176471,0.29411764705882354,0.23529411764705882,0.21739130434782608,0.13636363636363635,0.21212121212121213,0.24390243902439024,0.15799367795964986,0.2027317549357078,0.28407399482970214,0.364749237939377,0.38461538461538464,92.3076923076923,83.07692307692308,87.6923076923077,66.15384615384615,90.76923076923077,64.28571428571429,48.57142857142857,54.285714285714285,78.57142857142857,72.3076923076923,58.57142857142858,38.57142857142858,51.42857142857142,40.298507462686565,15,6,1,1,0.4,0.55,0.667,1.217,0.387,69.56521739130434
Cole Yates,61.843959149415255,85.9147220851059,0.2,0,0,0.2222222222222222,0.1111111111111111,0.25,0.4,0.11941384154534578,0.1459945382021836,0.1151766510360137,0.31101407890295296,0.3333333333333333,0,18.461538461538463,12.307692307692308,0,0,52.85714285714286,31.428571428571427,34.285714285714285,15.714285714285714,41.53846153846154,35.714285714285715,34.285714285714285,41.42857142857143,5.970149253731343,8,3,0,0,0.375,0.375,0.375,0.75,0.244,26.08695652173913
Colin Karr,80.0491684227915,92.15587138,0.3333333333333333,0.1111111111111111,0.1111111111111111,0.18181818181818182,0.23809523809523808,0.3,0.20833333333333334,0.10627857593747442,0.10478775557264024,0.26798103029808823,0.28507506214642103,0.18181818181818182,63.07692307692307,43.07692307692308,47.69230769230769,38.46153846153847,58.46153846153847,84.28571428571429,24.285714285714285,20,67.14285714285714,33.84615384615385,18.571428571428573,51.42857142857142,34.285714285714285,62.68656716417911,12,1,0,0,0.083,0.353,0.083,0.436,0.269,30.434782608695656
Deegan Aeilts,69.3621359375,76.48825259,0.5,0,0,0.3333333333333333,0,0.375,0.2,0.2417434975641239,0.30783304586965743,0.2371801114850116,0.3430697187831238,0,9.230769230769232,3.076923076923077,75.38461538461539,0,0,0,84.28571428571429,84.28571428571429,51.42857142857142,69.23076923076923,0,15.714285714285714,12.857142857142856,68.65671641791045,8,1,0,1,0.125,0.3,0.375,0.675,0.341,59.42028985507246
Drew Wichtowski,83.39956848508658,92.5642955675838,0.25,0.25,0.25,0.125,0,0.2,NA,0.11608956898226315,0.1250675469467514,0.10706044619902468,0.17413435347339473,0.2,81.53846153846153,47.69230769230769,26.153846153846157,58.46153846153847,92.3076923076923,0,30,24.285714285714285,14.285714285714285,3.076923076923077,21.428571428571427,57.14285714285714,54.285714285714285,NA,5,1,0,0,0.2,0.375,0.2,0.575,0.376,66.66666666666666
Ethan Hamrick,81.2482868260268,93.3490458585016,0.23076923076923078,0.15384615384615385,0.07692307692307693,0.25,0.08695652173913043,0.2702702702702703,0.2,0.15996646824715285,0.18378643559120567,0.18252246487868376,0.3377193727758667,0.4,72.3076923076923,55.38461538461539,24.615384615384617,44.61538461538462,50.76923076923077,47.14285714285714,50,45.714285714285715,27.142857142857142,67.6923076923077,60,24.285714285714285,37.142857142857146,68.65671641791045,17,6,1,2,0.353,0.4,0.588,0.988,0.286,36.231884057971016
Gabe Peters,67.58966097244567,75.8161407635948,0.4444444444444444,0,0,0,0,0,0.2727272727272727,0.379138622820094,0.4839124143137036,0.368142568713967,0.3664650948931684,0.5,6.153846153846154,1.5384615384615385,69.23076923076923,0,0,0,98.57142857142858,98.57142857142858,92.85714285714286,75.38461538461539,68.57142857142857,75.71428571428571,85.71428571428571,28.35820895522388,3,1,0,1,0.333,0.333,0.333,0.667,0.277,33.33333333333333
Gavin Kleist,76.71063300073232,88.5557600646919,0,0,0,0.2,0.2,0.2222222222222222,0.2,0.14219202211484558,0.13860607751930257,0.26359149738295196,0.25915179482095047,0.3333333333333333,38.46153846153847,29.230769230769234,0,0,0,78.57142857142857,40,30,65.71428571428571,21.53846153846154,35.714285714285715,44.285714285714285,48.57142857142857,68.65671641791045,6,1,0,0,0.167,0.333,0.167,0.5,0.382,68.11594202898551
Grayson Schnierle,77.57729377899716,88.3713904,0.5,0,0,0.2,0.07142857142857142,0.3076923076923077,0.22580645161290322,0.17084041907551797,0.20512505771857173,0.2136262541027781,0.3986276445095419,0.5555555555555556,44.61538461538462,24.615384615384617,75.38461538461539,0,0,41.42857142857143,55.714285714285715,55.714285714285715,42.857142857142854,87.6923076923077,80,44.285714285714285,31.428571428571427,49.25373134328358,12,4,0,2,0.333,0.429,0.417,0.845,0.34,57.971014492753625
Jackson Newton,71.62214534,74.3926264,0,0,0,0,0,0.1111111111111111,0.2857142857142857,0.2199119424763961,0.2806218887075333,0.21412694381954783,0.2745607793734556,0,16.923076923076923,0,0,0,0,0,75.71428571428571,78.57142857142857,44.285714285714285,27.692307692307693,0,75.71428571428571,71.42857142857143,25.37313432835821,3,0,0,0,0,0.25,0,0.25,0.626,97.10144927536231
Jacob Blunck,77.99584890450154,80.5088723690031,1,0,0,0.5625,0.1875,0.5652173913043478,0.23529411764705882,0.02800760927647666,0.030447242301691307,0.11888201114971463,0.4193289291137485,0.75,52.307692307692314,4.615384615384616,95.38461538461539,0,0,77.14285714285715,7.142857142857142,7.142857142857142,17.142857142857142,95.38461538461539,92.85714285714286,2.857142857142857,2.857142857142857,44.776119402985074,13,3,0,4,0.231,0.375,0.231,0.606,0.274,31.88405797101449
Jacob Trusner,80.93697523218299,97.9687220322876,0.3333333333333333,0.3333333333333333,0,0.4375,0.13333333333333333,0.32,0.17777777777777778,0.09529036195679673,0.10375568793653661,0.13662487492561418,0.32296459622351137,0.3333333333333333,67.6923076923077,76.92307692307693,47.69230769230769,72.3076923076923,0,60,18.571428571428573,18.571428571428573,20,49.23076923076923,35.714285714285715,8.571428571428571,30,76.11940298507463,12,2,0,0,0.167,0.286,0.167,0.452,0.141,8.695652173913043
Jake Folmar,70.33294807927567,89.3906654297968,0.45454545454545453,0,0,0.18181818181818182,0.15,0.17857142857142858,0.10638297872340426,0.11228021717937074,0.12613386384244138,0.25054551639665357,0.26268616389960064,0.2727272727272727,13.846153846153847,32.30769230769231,73.84615384615385,0,0,70,25.71428571428571,25.71428571428571,60,24.615384615384617,28.57142857142857,51.42857142857142,57.14285714285714,86.56716417910447,16,3,0,1,0.188,0.381,0.188,0.568,0.242,24.637681159420293
Jake Morrill,79.28037189849428,101.5732361,0.6363636363636364,0.18181818181818182,0.09090909090909091,0.08333333333333333,0.25,0.11764705882352941,0.16,0.19556819025715236,0.21833311345581605,0.30991156054273605,0.39323315023165073,0.375,58.46153846153847,90.76923076923077,92.3076923076923,47.69230769230769,52.307692307692314,85.71428571428571,67.14285714285714,64.28571428571429,82.85714285714286,86.15384615384616,52.85714285714286,67.14285714285714,70,79.1044776119403,8,3,0,2,0.375,0.5,0.375,0.875,0.49,85.5072463768116
Jake Parpet,77.8560986375,89.10721831,0.25,0,0,0,0,0,0.25,0.32179758786948665,0.39433873844438305,0.31320880037479026,0.4022469848368583,0.4,50.76923076923077,30.76923076923077,26.153846153846157,0,0,0,94.28571428571428,95.71428571428572,85.71428571428571,89.23076923076924,60,75.71428571428571,85.71428571428571,35.82089552238806,NA,NA,NA,NA,NA,NA,NA,NA,NA,NA
Jake Zimmerman,75.02908395089176,91.8428064054771,0.625,0.25,0.125,0,0.2,0.05,0.3076923076923077,0.33514418741973884,0.37139955442906175,0.3116457445339798,0.39238043616434604,0.375,26.153846153846157,40,90.76923076923077,58.46153846153847,69.23076923076923,78.57142857142857,97.14285714285714,94.28571428571428,84.28571428571429,84.61538461538461,52.85714285714286,75.71428571428571,84.28571428571429,19.402985074626866,8,3,0,0,0.375,0.5,0.375,0.875,0.552,91.30434782608695
Jaxson Grubbs,84.55404289231191,102.052936471972,0.21428571428571427,0.35714285714285715,0.14285714285714285,0.21052631578947367,0.10526315789473684,0.16129032258064516,0.21052631578947367,0.16216017301348026,0.19947710842768732,0.19533375758540197,0.32549085207761924,0.5384615384615384,87.6923076923077,93.84615384615384,16.923076923076923,83.07692307692308,76.92307692307693,51.42857142857142,51.42857142857142,51.42857142857142,31.428571428571427,55.38461538461539,75.71428571428571,41.42857142857143,58.57142857142858,56.71641791044776,12,5,0,0,0.417,0.5,0.5,1,0.351,60.86956521739131
Josh Eisfelder,NA,NA,NA,NA,NA,0.3333333333333333,0.3333333333333333,0.5,0,0,0,0.23166666666666666,NA,0,NA,NA,NA,NA,NA,95.71428571428572,0,0,48.57142857142857,NA,0,15.714285714285714,4.285714285714286,94.02985074626866,2,0,0,0,0,0.333,0,0.333,0.232,23.18840579710145
Kaden Griswold,73.59528211823405,93.34618271,0.5,0.5,0.5,0.6666666666666666,0.08333333333333333,0.65,0.21875,0.04376728619833578,0.052498179323366624,0.10008759572283768,0.38479859683885587,0.6666666666666666,21.53846153846154,53.84615384615385,75.38461538461539,93.84615384615384,98.46153846153847,44.285714285714285,8.571428571428571,8.571428571428571,11.428571428571429,80,87.14285714285714,0,1.4285714285714286,53.73134328358209,9,2,0,1,0.222,0.222,0.222,0.444,0.21,21.73913043478261
Kaiden Maurer,75.61829544,83.87419688,1,0,0,0,0,0,0.38461538461538464,0.23212600545005135,0.27379657650283484,0.22115880402951887,0.3868766757500856,0.8,30.76923076923077,12.307692307692308,95.38461538461539,0,0,0,80,77.14285714285715,45.714285714285715,83.07692307692308,94.28571428571428,75.71428571428571,85.71428571428571,8.955223880597014,NA,NA,NA,NA,NA,NA,NA,NA,NA,NA
Kaileb Hackman,84.92257583355682,103.871109614829,0.4375,0.375,0.125,0,0.05263157894736842,0.07142857142857142,0.10344827586206896,0.33331209362389286,0.40552667152473054,0.31853680391442596,0.41391831408542423,0.8333333333333334,89.23076923076924,98.46153846153847,67.6923076923077,87.6923076923077,69.23076923076923,37.142857142857146,95.71428571428572,97.14285714285714,88.57142857142857,93.84615384615384,95.71428571428572,75.71428571428571,82.85714285714286,89.55223880597015,14,11,2,2,0.786,0.813,1.286,2.098,0.641,98.55072463768116
Kam Ross,77.73901325793392,91.4708682196537,0.2727272727272727,0.09090909090909091,0.09090909090909091,0.2727272727272727,0,0.23809523809523808,0.38095238095238093,0.18994051360316827,0.2140157187227083,0.17787348885605617,0.28952915277450564,0.375,47.69230769230769,36.92307692307693,36.92307692307693,35.38461538461539,52.307692307692314,0,64.28571428571429,61.42857142857143,25.71428571428571,35.38461538461539,52.85714285714286,22.857142857142858,47.14285714285714,10.44776119402985,11,3,0,0,0.273,0.273,0.636,0.909,0.474,82.6086956521739
Kyler Lapp,79.20010279066152,92.57081508,0.38095238095238093,0.09523809523809523,0,0.04,0.20833333333333334,0.07407407407407407,0.2222222222222222,0.23737202116260378,0.2655039769227444,0.31636463525310765,0.3168286418024159,0.4444444444444444,56.92307692307692,49.23076923076923,61.53846153846154,36.92307692307693,0,82.85714285714286,82.85714285714286,75.71428571428571,87.14285714285714,46.15384615384615,65.71428571428571,74.28571428571429,81.42857142857143,52.23880597014925,15,6,1,1,0.4,0.571,0.6,1.171,0.368,65.21739130434783
Lawson Alwan,84.25236224075617,98.40797917,0.5625,0.375,0.25,0.09523809523809523,0.14285714285714285,0.10714285714285714,0.08333333333333333,0.2623802191119968,0.3330736358170597,0.36830266264145123,0.38145249708578255,0.6428571428571429,83.07692307692308,80,86.15384615384616,87.6923076923077,92.3076923076923,65.71428571428571,85.71428571428571,88.57142857142857,94.28571428571428,78.46153846153847,85.71428571428571,62.857142857142854,74.28571428571429,91.04477611940298,12,7,0,1,0.583,0.667,0.917,1.583,0.543,88.40579710144928
Lawson Shickel,76.11327842155058,91.9102577930393,0.2727272727272727,0.36363636363636365,0,0,0.2857142857142857,0.1111111111111111,0.2727272727272727,0.23221686507891962,0.2649970334648238,0.28301529771910944,0.36563738967582204,0.5,33.84615384615385,41.53846153846154,36.92307692307693,86.15384615384616,0,92.85714285714286,81.42857142857143,74.28571428571429,77.14285714285715,73.84615384615385,68.57142857142857,75.71428571428571,71.42857142857143,28.35820895522388,10,6,0,3,0.6,0.692,0.6,1.292,0.555,92.7536231884058
Logan Lynch,84.4337320048707,103.292783549992,0.375,0.5,0.125,0.18181818181818182,0.18181818181818182,0.25,0.25,0.29011706859696573,0.3388131528045892,0.40114975971011657,0.4395130810715345,0.42857142857142855,86.15384615384616,96.92307692307692,58.46153846153847,93.84615384615384,69.23076923076923,75.71428571428571,88.57142857142857,91.42857142857143,97.14285714285714,98.46153846153847,64.28571428571429,51.42857142857142,41.42857142857143,35.82089552238806,9,3,0,5,0.333,0.455,0.333,0.788,0.511,86.95652173913044
Lucas Rink,81.10372493952127,88.5370451855742,0.3333333333333333,0,0,0,0.14285714285714285,0.15384615384615385,0,0.18908455214999584,0.18806051677203983,0.2700570174694525,0.22059864417499514,0,70.76923076923077,27.692307692307693,47.69230769230769,0,0,65.71428571428571,62.857142857142854,47.14285714285714,68.57142857142857,9.230769230769232,0,75.71428571428571,61.42857142857143,94.02985074626866,6,1,0,0,0.167,0.333,0.167,0.5,0.364,63.76811594202898
Luke Gallet,77.34168337945157,94.6565687074246,0.2,0.2,0.2,0.2222222222222222,0.1111111111111111,0.46153846153846156,0.21052631578947367,0.11571394321663117,0.1759620451189701,0.19965281254115455,0.2082850977899361,0,41.53846153846154,60,12.307692307692308,50.76923076923077,80,52.85714285714286,28.57142857142857,41.42857142857143,32.857142857142854,7.6923076923076925,0,34.285714285714285,5.714285714285714,56.71641791044776,7,0,0,0,0,0.111,0,0.111,0.197,18.84057971014493
Luke Mcclure,89.43832545333333,92.35627088,0.6666666666666666,0.3333333333333333,0,0,0.25,0,0,0.29563726839162385,0.334337513781394,0.5094461534249541,0.40603665232813924,1,98.46153846153847,44.61538461538462,93.84615384615384,72.3076923076923,0,85.71428571428571,91.42857142857143,90,100,90.76923076923077,98.57142857142858,75.71428571428571,85.71428571428571,94.02985074626866,NA,NA,NA,NA,NA,NA,NA,NA,NA,NA
Max Michalak,70.18158592007924,84.36875895,0,0,0,0,0,0.21428571428571427,0.3333333333333333,0.10430317800630592,0.11879991149802388,0.09295768643838265,0.24888536927311972,0.125,12.307692307692308,13.846153846153847,0,0,0,0,22.857142857142858,22.857142857142858,8.571428571428571,15.384615384615385,14.285714285714285,75.71428571428571,50,13.432835820895523,7,1,0,1,0.143,0.222,0.143,0.365,0.12,5.797101449275362
Michael Lucas,77.21844291566812,96.81917924,0.2222222222222222,0.16666666666666666,0.1111111111111111,0.16666666666666666,0.17391304347826086,0.2619047619047619,0.20454545454545456,0.13133072930702552,0.14499049881733017,0.27311780123556634,0.24909792497847527,0.14285714285714285,40,72.3076923076923,21.53846153846154,46.15384615384615,58.46153846153847,74.28571428571429,35.714285714285715,32.857142857142854,72.85714285714285,16.923076923076923,15.714285714285714,55.714285714285715,40,67.16417910447761,15,2,0,0,0.133,0.381,0.2,0.581,0.32,49.275362318840585
Nick Guidici,85.47376207600145,99.4924147637481,0.29411764705882354,0.47058823529411764,0.29411764705882354,0.20833333333333334,0.08333333333333333,0.26666666666666666,0.32142857142857145,0.17753960696037052,0.2401747982301433,0.23876451835452248,0.3365607889592109,0.5882352941176471,90.76923076923077,86.15384615384616,43.07692307692308,92.3076923076923,96.92307692307692,44.285714285714285,57.14285714285714,68.57142857142857,54.285714285714285,64.61538461538461,81.42857142857143,42.857142857142854,38.57142857142858,14.925373134328357,19,9,0,0,0.474,0.524,0.737,1.261,0.424,75.36231884057972
Nolan Bowles,84.281630605,88.53495754,1,0,0,0.25,0.25,0.25,0.4444444444444444,0.10386092523281777,0.11362905823773893,0.2704239128888607,0.40921401397012,0.5,84.61538461538461,26.153846153846157,95.38461538461539,0,0,85.71428571428571,21.428571428571427,21.428571428571427,71.42857142857143,92.3076923076923,68.57142857142857,24.285714285714285,41.42857142857143,1.4925373134328357,1,0,0,0,0,0,0,0,0,2.898550724637681
Nolan Galla,87.405400655,93.17455189,1,0.5,0.5,0,0,0,0.4,0.46552659388755424,0.5516102757514736,0.44834418181559876,0.46552659388755424,0.5,96.92307692307692,52.307692307692314,95.38461538461539,93.84615384615384,98.46153846153847,0,100,100,98.57142857142858,100,68.57142857142857,75.71428571428571,85.71428571428571,5.970149253731343,NA,NA,NA,NA,NA,NA,NA,NA,NA,NA
Nolan Hunter,81.83224818084445,94.92705057,0.2,0.2,0.2,0.5,0,0.36363636363636365,0.3,0.06311813991612154,0.07803681624790275,0.061621152196195864,0.1284507606255428,0.2,76.92307692307693,61.53846153846154,12.307692307692308,50.76923076923077,80,0,10,10,4.285714285714286,0,21.428571428571427,4.285714285714286,15.714285714285714,22.388059701492537,9,1,0,2,0.111,0.111,0.111,0.222,0.149,11.594202898550725
Nolan Vanduzer,79.58837130993138,96.8548374732646,0.2727272727272727,0.18181818181818182,0.09090909090909091,0.23529411764705882,0,0.34375,NA,0.09367951489449866,0.1329121632608845,0.09750165993046898,0.19945934765174145,0.18181818181818182,61.53846153846154,73.84615384615385,36.92307692307693,47.69230769230769,52.307692307692314,0,17.142857142857142,28.57142857142857,10,4.615384615384616,18.571428571428573,31.428571428571427,20,NA,13,2,0,0,0.154,0.2,0.154,0.354,0.18,17.391304347826086
Owen Laroe,69.62554759890409,83.2581645311284,0,0,0,0.06666666666666667,0.3333333333333333,0.3333333333333333,0.20689655172413793,0.09070689764643615,0.08792257217041112,0.2790788920759688,0.22204317499900536,0.1111111111111111,10.76923076923077,7.6923076923076925,0,0,0,95.71428571428572,14.285714285714285,11.428571428571429,74.28571428571429,12.307692307692308,12.857142857142856,71.42857142857143,21.428571428571427,64.17910447761194,9,1,0,0,0.111,0.385,0.111,0.496,0.359,62.31884057971014
Riley Hendren,77.52199048298979,93.48395267,0.4,0.3,0.2,0.125,0,0.13043478260869565,0.30434782608695654,0.18439114805757978,0.20763773180614498,0.17148044322996922,0.32340546109357876,0.35714285714285715,43.07692307692308,56.92307692307692,63.07692307692307,67.6923076923077,80,0,60,58.57142857142858,22.857142857142858,50.76923076923077,48.57142857142857,57.14285714285714,67.14285714285714,20.8955223880597,14,5,0,2,0.357,0.357,0.643,1,0.394,71.01449275362319
Ryan Theile,87.20899830698238,96.4628572783213,0.375,0.375,0.125,0,0.36363636363636365,0,0.1724137931034483,0.1922381271351076,0.214911261897606,0.3874918014463424,0.3238908783403155,0.2857142857142857,95.38461538461539,70.76923076923077,58.46153846153847,87.6923076923077,69.23076923076923,98.57142857142858,65.71428571428571,62.857142857142854,95.71428571428572,52.307692307692314,30,75.71428571428571,85.71428571428571,77.61194029850746,6,2,0,0,0.333,0.6,0.333,0.933,0.545,89.85507246376811
Sam DesCarpentrie,83.01704426143083,104.052142638888,0.3333333333333333,0.1111111111111111,0.1111111111111111,0.35294117647058826,0.11764705882352941,0.4230769230769231,0.26666666666666666,0.14642222422026474,0.23835140164864704,0.2459070122240539,0.3742384584557321,0.375,78.46153846153847,100,47.69230769230769,38.46153846153847,58.46153846153847,55.714285714285715,41.42857142857143,65.71428571428571,58.57142857142858,76.92307692307693,52.85714285714286,14.285714285714285,8.571428571428571,32.83582089552239,18,4,1,0,0.222,0.3,0.389,0.689,NA,NA
Sammy Driscoll,78.62720232469944,95.20821599203,0.1111111111111111,0.2222222222222222,0.1111111111111111,0.09090909090909091,0.09090909090909091,0.07692307692307693,0.06666666666666667,0.20444581915302143,0.25820344781033094,0.2629988474102671,0.29645098706412043,0.6666666666666666,53.84615384615385,63.07692307692307,10.76923076923077,55.38461538461539,58.46153846153847,48.57142857142857,68.57142857142857,71.42857142857143,64.28571428571429,38.46153846153847,87.14285714285714,65.71428571428571,78.57142857142857,92.53731343283582,6,4,0,1,0.667,0.714,0.833,1.548,0.673,100
Taylor Vorhees,80.75925112318885,99.272700240866,0.3333333333333333,0.3333333333333333,0.16666666666666666,0.2222222222222222,0.05555555555555555,0.2,0.1388888888888889,0.20995475356724713,0.23934993561781495,0.23522183276861103,0.34475025570324536,0.5384615384615384,66.15384615384615,84.61538461538461,47.69230769230769,72.3076923076923,78.46153846153847,38.57142857142858,70,67.14285714285714,50,70.76923076923077,75.71428571428571,34.285714285714285,54.285714285714285,82.08955223880598,17,7,0,2,0.412,0.444,0.529,0.974,0.462,81.15942028985508
Teagan Disharoon,70.83840516661073,86.5889897573258,0.3333333333333333,0,0,0.2857142857142857,0.2857142857142857,0.3333333333333333,0.1111111111111111,0.08782526099918966,0.09390981201406656,0.2799627408925959,0.20492560899810922,0.3333333333333333,15.384615384615385,21.53846153846154,47.69230769230769,0,0,92.85714285714286,12.857142857142856,14.285714285714285,75.71428571428571,6.153846153846154,35.714285714285715,21.428571428571427,21.428571428571427,85.07462686567165,5,1,0,0,0.2,0.429,0.2,0.629,NA,NA
Thomas Mickels,76.2729144642027,92.5479502232974,0.25,0.125,0,0.3333333333333333,0,0.4,0.11764705882352941,0.21903376389584614,0.24210028837630804,0.20325345278606477,0.32527459526188,0.6666666666666666,36.92307692307693,46.15384615384615,26.153846153846157,41.53846153846154,0,0,74.28571428571429,70,34.285714285714285,53.84615384615385,87.14285714285714,15.714285714285714,10,83.5820895522388,10,5,0,0,0.5,0.5,0.6,1.1,0.291,39.130434782608695
Trey Blanchette,79.43632188425092,93.15419611,0.4444444444444444,0.3333333333333333,0.1111111111111111,0.2,0.13333333333333333,0.125,0.20689655172413793,0.17032136286626992,0.1892088356771764,0.2074853563912719,0.3157197056618346,0.3,60,50.76923076923077,69.23076923076923,72.3076923076923,58.46153846153847,60,54.285714285714285,48.57142857142857,37.142857142857146,44.61538461538462,34.285714285714285,44.285714285714285,68.57142857142857,64.17910447761194,12,3,0,0,0.25,0.333,0.333,0.667,0.298,40.57971014492754
Trey Schilling,68.24918267053465,83.39440524,0.6,0,0,0.1875,0.125,0.14814814814814814,0.21052631578947367,0.1500314852160926,0.18087613508040834,0.22604872669092987,0.29285343053323404,0.36363636363636365,7.6923076923076925,9.230769230769232,89.23076923076924,0,0,58.57142857142858,44.285714285714285,44.285714285714285,47.14285714285714,36.92307692307693,50,50,62.857142857142854,56.71641791044776,12,2,0,0,0.167,0.231,0.167,0.397,0.301,43.47826086956522
Trey Thompson,77.75093538622434,98.362137785911,0.25,0.25,0,0.375,0,0.07692307692307693,0.21428571428571427,0.13728637454837384,0.17176528219745224,0.1337703302201708,0.3306454693078624,0.6666666666666666,49.23076923076923,78.46153846153847,26.153846153846157,58.46153846153847,0,0,37.142857142857146,40,18.571428571428573,58.46153846153847,87.14285714285714,12.857142857142856,78.57142857142857,55.223880597014926,11,4,1,1,0.364,0.417,0.727,1.144,0.322,52.17391304347826
Ty Cribbett,74.47179969140484,86.2742978164842,0.5,0,0,0.05555555555555555,0.11764705882352941,0.20689655172413793,0.23529411764705882,0.156940532562207,0.16444509081846728,0.1868402491678567,0.25811289335551724,0.2857142857142857,24.615384615384617,20,75.38461538461539,0,0,55.714285714285715,47.14285714285714,38.57142857142858,28.57142857142857,20,30,72.85714285714285,52.85714285714286,44.776119402985074,15,3,0,1,0.2,0.368,0.2,0.568,0.32,47.82608695652174
Tyler Pippin,81.57584376082764,101.3312821,0.42105263157894735,0.3157894736842105,0.21052631578947367,0.09523809523809523,0.09523809523809523,0.13513513513513514,0.22448979591836735,0.21028048857034667,0.29173094577438774,0.25191751427646203,0.27866031290869125,0.5882352941176471,75.38461538461539,89.23076923076924,66.15384615384615,70.76923076923077,86.15384615384616,50,71.42857142857143,81.42857142857143,61.42857142857143,30.76923076923077,81.42857142857143,62.857142857142854,65.71428571428571,50.74626865671642,15,5,0,3,0.333,0.412,0.4,0.812,0.412,73.91304347826086
Will Strehl,75.35211843378795,89.9983348909018,0.25,0,0,0.1111111111111111,0,0.4,0.2,0.223289349145704,0.2594495288794321,0.21213516247568592,0.334934023718556,0.4,27.692307692307693,33.84615384615385,26.153846153846157,0,0,0,78.57142857142857,72.85714285714285,38.57142857142858,61.53846153846154,60,61.42857142857143,10,68.65671641791045,6,2,0,1,0.333,0.556,0.333,0.889,0.29,37.68115942028986
Will Vogel,83.10429647603763,91.2028677706259,0.5333333333333333,0.2,0.06666666666666667,0.07142857142857142,0,0.14814814814814814,0.23809523809523808,0.2937995216213557,0.3099979658962769,0.2703904780693241,0.3121297249984384,0.23076923076923078,80,35.38461538461539,83.07692307692308,50.76923076923077,49.23076923076923,0,90,87.14285714285714,70,43.07692307692308,25.71428571428571,68.57142857142857,62.857142857142854,41.7910447761194,16,4,0,0,0.25,0.294,0.313,0.607,0.398,72.46376811594203
Zach Pomatto,79.13990924000001,91.60381064,0.5,0.25,0.25,0.25,0,0,0.25,0.2796296847209808,0.30701507904410164,0.26009762816747994,0.3867881886563471,0.3333333333333333,55.38461538461539,38.46153846153847,75.38461538461539,58.46153846153847,92.3076923076923,0,87.14285714285714,82.85714285714286,62.857142857142854,81.53846153846153,35.714285714285715,24.285714285714285,85.71428571428571,35.82089552238806,NA,NA,NA,NA,NA,NA,NA,NA,NA,NA
Zach Spidle,67.39223103273146,83.8609913,0.21428571428571427,0,0,0.22727272727272727,0.25,0.3333333333333333,0.10606060606060606,0.1388539446517068,0.13968320420658525,0.24214536822296276,0.2653587388458588,0.1,4.615384615384616,10.76923076923077,16.923076923076923,0,0,85.71428571428571,38.57142857142858,31.428571428571427,57.14285714285714,26.153846153846157,11.428571428571429,32.857142857142854,21.428571428571427,88.05970149253731,12,1,0,1,0.083,0.4,0.167,0.567,0.282,34.78260869565217
Zayn Giles,71.8036746989614,96.2412683645625,0.25,0.125,0.125,0.07142857142857142,0.14285714285714285,0.24,0.358974358974359,0.15676122000357717,0.17944934566861032,0.2033136196190184,0.27521465356496416,0.36363636363636365,18.461538461538463,69.23076923076923,26.153846153846157,41.53846153846154,69.23076923076923,65.71428571428571,45.714285714285715,42.857142857142854,35.714285714285715,29.230769230769234,50,68.57142857142857,45.714285714285715,11.940298507462686,12,4,0,0,0.333,0.429,0.333,0.762,0.317,46.3768115942029
Caleb Royer,86.72554735222289,96.9990481316294,0.42857142857142855,0.42857142857142855,0.21428571428571427,0.13043478260869565,0.2608695652173913,0.2727272727272727,0.13513513513513514,0.18081915911690613,0.24646119600436725,0.2887031615593193,0.31449524260318806,0.21428571428571427,100,66.66666666666666,83.33333333333334,91.66666666666666,91.66666666666666,91.66666666666666,41.66666666666667,58.333333333333336,83.33333333333334,25,16.666666666666664,41.66666666666667,41.66666666666667,83.33333333333334,33,8,2,0,0.242,0.357,0.455,0.812,0.32,76.92307692307693
Charlie Graham,75.40065413572705,95.23705725588744,0,0.2222222222222222,0,0.13333333333333333,0.21428571428571427,0.3,0.21621621621621623,0.1456308931550837,0.16509939494441764,0.2437293275902284,0.3528520608114916,0.3333333333333333,25,33.33333333333333,0,50,0,83.33333333333334,33.33333333333333,33.33333333333333,41.66666666666667,83.33333333333334,50,33.33333333333333,33.33333333333333,33.33333333333333,13,3,NA,0,0.231,0.375,0.231,0.606,0.23,23.076923076923077
Cole Freeman,82.24557548087948,108.4075334,0.5384615384615384,0.38461538461538464,0.15384615384615385,0.2777777777777778,0.05555555555555555,0.26666666666666666,0.35714285714285715,0.21813641399457895,0.28780285955905865,0.2562477066837265,0.3839168356403054,0.4166666666666667,83.33333333333334,100,100,83.33333333333334,83.33333333333334,33.33333333333333,58.333333333333336,91.66666666666666,50,100,83.33333333333334,25,50,0,29,4,1,1,0.138,0.265,0.241,0.506,0.301,61.53846153846154
Jack Novak,79.83426341558219,96.89915165,0.3888888888888889,0.2222222222222222,0.05555555555555555,0.08333333333333333,0.125,0.3235294117647059,0.21212121212121213,0.2344896216168803,0.2935012533093021,0.26143874751936763,0.34163931344947396,0.3888888888888889,58.333333333333336,41.66666666666667,58.333333333333336,50,66.66666666666666,41.66666666666667,100,100,58.333333333333336,58.333333333333336,66.66666666666666,75,25,41.66666666666667,31,9,1,5,0.29,0.405,0.484,0.889,0.268,46.15384615384615
Jackson Smith,84.28141701022395,96.97746790603108,0.5217391304347826,0.43478260869565216,0.2608695652173913,0.03333333333333333,0.034482758620689655,0.09523809523809523,0.16326530612244897,0.2227267967966818,0.2739679600209164,0.26470845715224844,0.3547725193084965,0.2692307692307692,91.66666666666666,50,91.66666666666666,100,100,8.333333333333332,75,83.33333333333334,66.66666666666666,91.66666666666666,33.33333333333333,91.66666666666666,91.66666666666666,58.333333333333336,46,17,1,3,0.37,0.431,0.478,0.909,0.317,69.23076923076923
Jackson Stanek,81.91616475108773,96.99174987,0.2727272727272727,0.2727272727272727,0.09090909090909091,0.29411764705882354,0.1875,0.3333333333333333,0.10810810810810811,0.09291979267211221,0.10351291147822245,0.21710828205782778,0.2682853424976736,0.375,75,58.333333333333336,25,75,75,66.66666666666666,8.333333333333332,8.333333333333332,25,8.333333333333332,58.333333333333336,16.666666666666664,16.666666666666664,100,21,8,NA,0,0.381,0.536,0.476,1.012,0.255,38.46153846153847
Kannon Kleine,78.25152939475764,89.51428144,0,0,0,0.7142857142857143,0.14285714285714285,0.6363636363636364,0.17391304347826086,0.02465728597885226,0.022933701748716673,0.020852999717056214,0.19384263961161655,0,41.66666666666667,8.333333333333332,0,0,0,50,0,0,0,0,0,0,0,50,21,3,NA,0,0.143,0.269,0.143,0.412,0.054,7.6923076923076925
Michael Kuska,73.96739512054677,89.87912747016011,0.4166666666666667,0,0,0.11764705882352941,0.3125,0.21875,0.13157894736842105,0.11204569276209393,0.11222144077552641,0.3160338391006953,0.35020873813911585,0.2222222222222222,16.666666666666664,16.666666666666664,75,0,0,100,25,16.666666666666664,91.66666666666666,66.66666666666666,25,50,58.333333333333336,91.66666666666666,18,4,NA,2,0.222,0.517,0.222,0.739,0.356,92.3076923076923
Nolan McCrossin,81.45629011980736,98.13361117808044,0.29411764705882354,0.23529411764705882,0,0.09523809523809523,0.05263157894736842,0.15,0.2727272727272727,0.2218019137014926,0.2380339591272007,0.23961930442942708,0.3164103553181064,0.3125,66.66666666666666,83.33333333333334,33.33333333333333,66.66666666666666,0,16.666666666666664,66.66666666666666,41.66666666666667,33.33333333333333,33.33333333333333,41.66666666666667,66.66666666666666,66.66666666666666,16.666666666666664,29,8,1,0,0.276,0.4,0.414,0.814,NA,NA
Ryan Colucci,72.44645680769253,99.27441448,0.14285714285714285,0.14285714285714285,0,0.5,0,0.42857142857142855,0.21739130434782608,0.09853203390789965,0.1123422411852667,0.09176258070755554,0.28567678706969135,0.42857142857142855,0,91.66666666666666,16.666666666666664,41.66666666666667,0,0,16.666666666666664,25,8.333333333333332,16.666666666666664,91.66666666666666,8.333333333333332,8.333333333333332,25,15,3,NA,2,0.2,0.333,0.267,0.6,0.143,15.384615384615383
Shea Zbrozek,73.94135399680209,88.81149626,0.4117647058823529,0,0,0.10526315789473684,0.05263157894736842,0.14705882352941177,0.2962962962962963,0.2264999995763413,0.25662482049211716,0.2140956024404848,0.3376935495354808,0.5,8.333333333333332,0,66.66666666666666,0,0,16.666666666666664,83.33333333333334,66.66666666666666,16.666666666666664,50,100,58.333333333333336,75,8.333333333333332,34,11,NA,2,0.324,0.41,0.382,0.792,0.277,53.84615384615385
Tyler Thompson,79.50311136942969,93.85044896356683,0.3684210526315789,0.05263157894736842,0.05263157894736842,0.08,0.17391304347826086,0.10526315789473684,0.14285714285714285,0.22827876892206486,0.2654897363377027,0.33848864209855606,0.3515213483327763,0.4117647058823529,50,25,41.66666666666667,25,58.333333333333336,58.333333333333336,91.66666666666666,75,100,75,75,83.33333333333334,83.33333333333334,75,36,12,NA,0,0.333,0.468,0.417,0.885,0.367,100
Zach Zychowski,77.85994043711216,97.22242594,0.375,0.125,0,0,0.20833333333333334,0.09375,0.16279069767441862,0.2107965445075991,0.24455398370337722,0.26690409538431736,0.3285145964327112,0.1111111111111111,33.33333333333333,75,50,33.33333333333333,0,75,50,50,75,41.66666666666667,8.333333333333332,100,100,66.66666666666666,33,5,NA,2,0.152,0.31,0.152,0.462,0.326,84.61538461538461
