PlayResult,TaggedHitType,ExitSpeed,Angle,xSLG
0,Popup,,,0.00017920511891134083
0,GroundBall,,,1.5019162893295288
0,Popup,,,0.00017920511891134083
0,GroundBall,,,1.5019162893295288
1,LineDrive,,,3.7046761512756348
0,Popup,,,0.00017920511891134083
0,LineDrive,,,3.7046761512756348
0,FlyBall,,,2.4264326095581055
1,GroundBall,,,1.5019162893295288
0,Popup,,,0.00017920511891134083
1,LineDrive,,,3.7046761512756348
1,LineDrive,,,3.7046761512756348
2,LineDrive,,,3.7046761512756348
2,LineDrive,,,3.7046761512756348
0,FlyBall,,,2.4264326095581055
1,GroundBall,,,1.5019162893295288
2,FlyBall,,,2.4264326095581055
1,LineDrive,,,3.7046761512756348
0,GroundBall,,,1.5019162893295288
0,FlyBall,,,2.4264326095581055
2,LineDrive,,,3.7046761512756348
0,LineDrive,,,3.7046761512756348
1,GroundBall,,,1.5019162893295288
4,LineDrive,,,3.7046761512756348
0,GroundBall,,,1.5019162893295288
0,FlyBall,,,2.4264326095581055
1,GroundBall,,,1.5019162893295288
2,GroundBall,,,1.5019162893295288
0,Popup,,,0.00017920511891134083
0,FlyBall,,,2.4264326095581055
0,Popup,,,0.00017920511891134083
0,GroundBall,,,1.5019162893295288
0,GroundBall,,,1.5019162893295288
0,Popup,,,0.00017920511891134083
2,GroundBall,,,1.5019162893295288
0,GroundBall,,,1.5019162893295288
0,Popup,,,0.00017920511891134083
1,LineDrive,,,3.7046761512756348
0,FlyBall,,,2.4264326095581055
1,LineDrive,,,3.7046761512756348
0,GroundBall,,,1.5019162893295288
0,FlyBall,,,2.4264326095581055
0,LineDrive,,,3.7046761512756348
1,GroundBall,,,1.5019162893295288
0,Popup,,,0.00017920511891134083
1,LineDrive,,,3.7046761512756348
0,Popup,,,0.00017920511891134083
0,GroundBall,,,1.5019162893295288
0,Popup,61.96891,49.568976,-0.0006165909580886364
0,GroundBall,100.39463,-3.690856,0.005057895090430975
0,Popup,84.82261,71.711779,6.669801950920373e-05
0,Popup,70.29028,46.500886,0.000882766384165734
1,LineDrive,68.9466,16.696986,0.9870073795318604
0,LineDrive,63.31204,14.130529,0.0030621523037552834
0,GroundBall,88.76502,8.878401,-0.16213099658489227
2,GroundBall,97.16336,-1.295859,1.8224221467971802
0,Bunt,37.55863,-46.551964,
0,FlyBall,83.05894,34.191501,0.002479193964973092
0,GroundBall,108.72281,-10.458696,0.00716222170740366
0,GroundBall,66.77665,-51.37869,-0.003313658991828561
1,GroundBall,,,1.5019162893295288
0,GroundBall,89.68045,-21.10297,0.07053195685148239
2,FlyBall,99.2574,27.983784,1.9758429527282715
0,GroundBall,96.55515,-19.21179,0.016883600503206253
1,GroundBall,99.85635,-19.635379,1.0193952322006226
1,GroundBall,93.41185,-10.49434,0.8531385660171509
2,LineDrive,87.19641,14.141645,1.9262864589691162
0,GroundBall,80.79625,-57.739553,0.06510333716869354
1,LineDrive,92.95826,9.966661,0.9886534810066223
1,GroundBall,100.43622,-0.802263,0.9834901094436646
0,GroundBall,37.03792,-68.239063,0.004451386630535126
0,GroundBall,65.06274,-5.026517,0.00232510338537395
0,GroundBall,66.88818,3.532596,-0.0128621282055974
2,LineDrive,89.72174,17.344528,1.9783223867416382
0,FlyBall,84.68981,35.796853,-0.020438583567738533
0,FlyBall,95.68525,23.565483,0.00698051368817687
0,LineDrive,93.96139,27.498451,0.00269126845523715
2,LineDrive,92.64661,14.783578,1.9854997396469116
0,GroundBall,95.88749,-20.438924,0.017254559323191643
0,FlyBall,99.6523,44.470262,-0.0016807839274406433
0,LineDrive,96.24043,15.517747,0.03213247284293175
0,GroundBall,,,1.5019162893295288
1,GroundBall,95.42492,7.937588,0.9834561944007874
0,GroundBall,105.77022,6.734626,0.0016237737145274878
0,FlyBall,83.79983,24.016482,0.006426501087844372
1,GroundBall,86.66276,-6.714161,0.9347802400588989
0,GroundBall,85.09163,-7.538892,0.03932756930589676
0,GroundBall,88.93696,2.338246,0.2330314666032791
0,Popup,77.59494,65.842941,-0.00017665763152763247
0,GroundBall,87.0299,-21.966871,0.010300081223249435
0,LineDrive,83.70847,22.531374,0.002381258876994252
1,GroundBall,82.58391,-9.216773,0.9541539549827576
1,LineDrive,93.28615,23.971313,0.9986525774002075
1,LineDrive,96.53058,11.229035,0.9798147678375244
1,GroundBall,108.23161,0.724345,0.9379554390907288
3,FlyBall,97.41261,24.638986,2.9184377193450928
0,GroundBall,76.18962,-1.884984,-0.008905242197215557
0,GroundBall,108.39018,-3.672357,0.030534392222762108
2,LineDrive,88.42857,18.03084,1.9135754108428955
0,GroundBall,64.60202,-34.869735,0.05242673307657242
0,GroundBall,79.01803,-37.353108,0.03794841095805168
1,Bunt,,,
0,GroundBall,90.36546,-27.327797,0.029226716607809067
0,GroundBall,100.40512,-15.366534,0.6911996006965637
0,GroundBall,,,1.5019162893295288
0,FlyBall,111.0542,21.994324,0.006185146048665047
4,LineDrive,103.63153,20.883443,3.9664418697357178
1,LineDrive,108.66391,12.115342,0.7314789891242981
0,Popup,84.58743,68.275319,6.669801950920373e-05
2,LineDrive,77.88996,26.644701,1.9699714183807373
0,GroundBall,95.1271,3.142723,0.14807774126529694
1,GroundBall,105.21806,4.019618,1.0514618158340454
2,LineDrive,98.2147,18.411501,1.948035478591919
1,GroundBall,97.63967,1.895998,0.9192352294921875
0,GroundBall,,,1.5019162893295288
0,Popup,87.42158,57.479562,6.669801950920373e-05
0,Popup,93.83092,60.201616,0.00017920511891134083
2,LineDrive,111.71391,20.794739,3.1500558853149414
2,LineDrive,108.76922,14.121217,1.1946191787719727
1,LineDrive,82.34952,10.836901,0.9701642990112305
1,GroundBall,92.06138,-3.899168,0.27695462107658386
0,Popup,61.43689,26.597203,-0.00043307917076162994
0,LineDrive,99.52191,15.807582,-0.007146529853343964
0,FlyBall,97.77342,40.049683,0.0035500351805239916
0,LineDrive,98.4586,18.855353,0.059288185089826584
0,GroundBall,71.0228,-43.581252,0.002062159590423107
1,GroundBall,73.09544,-20.051435,1.0102591514587402
4,LineDrive,102.15663,23.252868,3.9983468055725098
1,GroundBall,85.03141,3.821859,0.8920877575874329
0,LineDrive,95.34845,18.687213,0.008944930508732796
0,GroundBall,66.65905,-68.317723,0.014219896867871284
4,LineDrive,99.07808,23.909562,3.9825077056884766
2,GroundBall,102.30455,5.53085,1.8623988628387451
2,LineDrive,102.75968,17.624323,1.9870115518569946
1,GroundBall,105.1868,1.723274,1.0092003345489502
0,FlyBall,78.47039,44.36217,0.004567780531942844
0,LineDrive,102.86549,17.261233,0.0005818803329020739
1,LineDrive,105.40218,11.540449,1.0213344097137451
0,LineDrive,95.50748,8.137709,0.022630903869867325
0,Popup,79.80292,74.494651,0.00019939235062338412
1,LineDrive,101.66734,8.161923,0.9067708849906921
1,GroundBall,96.83728,-5.057484,0.9956316351890564
0,FlyBall,87.52198,25.68793,0.016127943992614746
1,GroundBall,93.3971,-3.113714,1.0050655603408813
2,FlyBall,99.62232,24.314695,2.0037927627563477
0,GroundBall,75.80192,-36.264783,-0.013878907077014446
1,GroundBall,104.54688,-0.812025,0.1656373292207718
0,Popup,87.76508,57.916738,6.669801950920373e-05
1,Bunt,21.29214,3.658743,
2,LineDrive,102.18028,17.880735,2.005586624145508
1,GroundBall,62.80815,-53.478023,0.8719837069511414
0,GroundBall,66.27265,0.002284,0.0042522200383245945
0,Popup,61.78479,58.473602,2.8937791284988634e-05
0,FlyBall,97.41505,29.402719,0.09930068999528885
1,GroundBall,94.6433,1.195286,0.9803248047828674
2,LineDrive,100.7033,10.878119,1.9607998132705688
1,LineDrive,98.76954,6.853373,0.9991101026535034
0,FlyBall,100.52247,31.74059,0.058882854878902435
0,FlyBall,85.2059,23.316992,-0.009598041884601116
0,GroundBall,115.58638,-46.546046,0.00345771131105721
0,GroundBall,87.32302,-15.654976,0.0518697090446949
1,GroundBall,50.43467,-70.055259,0.9950919151306152
0,GroundBall,97.11731,6.195518,0.009592811577022076
0,Popup,49.65803,66.229636,2.202076393587049e-05
2,LineDrive,87.30283,12.51066,1.9071370363235474
0,FlyBall,73.51827,45.210981,-0.002275670412927866
1,LineDrive,101.87846,12.143022,1.0258142948150635
0,FlyBall,89.82116,36.651932,-0.023191142827272415
1,LineDrive,87.19794,15.504352,1.1444590091705322
0,Popup,74.42971,64.81604,-0.0003055408305954188
0,FlyBall,85.25264,46.985355,-0.02090432122349739
0,Popup,69.03386,81.070409,-0.00042489368934184313
1,GroundBall,93.55185,1.314032,0.939186692237854
0,GroundBall,80.29208,-24.997696,-0.014478230848908424
4,FlyBall,102.86455,36.520113,1.4551447629928589
0,GroundBall,88.36306,-16.081653,0.08486130833625793
0,Popup,75.34725,62.810035,2.7817410227726214e-05
2,LineDrive,92.74948,15.333202,1.8978255987167358
0,FlyBall,100.52092,21.906229,-0.010642002336680889
0,GroundBall,80.91357,7.074366,0.011287549510598183
2,LineDrive,106.86295,14.763866,1.3594005107879639
0,LineDrive,103.15777,10.662389,0.02601618319749832
1,LineDrive,95.6034,8.910746,0.15236391127109528
0,FlyBall,81.71943,52.783604,-0.00281787128187716
0,GroundBall,69.77504,-8.417956,-0.029937684535980225
1,LineDrive,56.02329,23.519348,0.9872633218765259
1,Popup,76.48788,29.430522,0.09973693639039993
0,GroundBall,79.30494,-29.348422,0.029040886089205742
2,GroundBall,89.85355,5.80509,1.9063694477081299
0,FlyBall,89.6248,53.944899,-0.00225880928337574
1,GroundBall,98.8226,-2.259192,1.0452826023101807
0,FlyBall,78.73462,32.180303,0.007005278952419758
1,Bunt,,,
0,FlyBall,84.34027,44.472666,0.002479490591213107
1,LineDrive,103.1249,10.200098,0.9706844687461853
0,FlyBall,87.78616,44.419652,0.012952727265655994
1,LineDrive,65.91116,23.088027,0.9437054395675659
1,LineDrive,75.49868,28.361675,1.0013153553009033
0,GroundBall,76.9777,-12.641133,0.243833988904953
0,GroundBall,45.328,-61.982656,0.005540004000067711
0,GroundBall,99.46304,-6.208153,-0.005291448440402746
0,LineDrive,93.77821,21.381465,9.457959095016122e-05
0,Popup,74.93544,73.262601,-1.7681881217868067e-05
0,LineDrive,83.51333,21.585246,0.003969024866819382
1,GroundBall,100.5428,-4.178937,0.994594156742096
0,Popup,90.8198,66.149765,0.00017920511891134083
4,FlyBall,112.29819,22.573936,3.9997823238372803
0,GroundBall,79.83905,-7.374513,0.0021034227684140205
1,GroundBall,95.75625,2.599644,1.1849859952926636
0,Popup,,,0.00017920511891134083
0,GroundBall,83.05684,-12.521037,0.1682259738445282
1,GroundBall,102.66854,6.503586,0.4293052554130554
4,FlyBall,107.3968,20.141901,3.9882142543792725
0,FlyBall,90.81721,30.581279,1.9128289222717285
0,GroundBall,96.68772,-8.308355,0.0002665570646058768
0,Popup,74.54994,47.884485,-0.00032488550641573966
1,GroundBall,,,1.5019162893295288
1,LineDrive,92.88528,17.023844,1.004367470741272
0,FlyBall,83.52632,43.213259,0.0010182594414800406
0,LineDrive,102.42507,7.063673,0.060498807579278946
1,Popup,88.77128,47.38455,0.9944548606872559
0,LineDrive,83.78726,9.384375,0.03591150417923927
3,FlyBall,94.6244,21.594355,-0.01879904977977276
0,FlyBall,96.43251,21.477102,0.0062052044086158276
0,GroundBall,55.65284,-35.216371,0.010317577049136162
1,LineDrive,91.49599,12.839138,1.0175654888153076
1,GroundBall,111.189,4.785356,0.9888365268707275
4,FlyBall,106.58885,25.937432,4.028897762298584
0,LineDrive,67.44384,15.965868,0.02287793904542923
0,FlyBall,79.70295,46.972541,-0.01056604366749525
0,LineDrive,85.92755,11.806869,0.06931285560131073
1,LineDrive,87.14355,16.464817,0.9620774984359741
1,LineDrive,90.91595,15.671829,0.9613885283470154
1,GroundBall,71.63179,-68.641703,0.8977847695350647
4,FlyBall,103.36129,22.44748,3.991607189178467
0,FlyBall,93.93547,27.27767,0.06785625964403152
1,GroundBall,84.23239,-60.443279,0.9456605315208435
1,LineDrive,107.85477,13.050697,0.9974730610847473
4,FlyBall,109.30589,21.594892,3.9969613552093506
2,LineDrive,97.8967,5.883448,1.9857078790664673
2,FlyBall,96.63176,20.99675,0.2283107340335846
0,FlyBall,93.95024,47.95774,-0.0015834593214094639
0,FlyBall,85.03979,39.817487,0.003713524667546153
1,Popup,77.96461,63.300724,0.014958800747990608
0,Popup,84.0361,64.765879,6.669801950920373e-05
0,Popup,91.77945,69.986915,0.00017920511891134083
2,FlyBall,101.57174,31.282045,1.992140769958496
1,GroundBall,92.44547,-16.68371,0.876937210559845
0,LineDrive,68.45574,18.281113,0.06487564742565155
1,LineDrive,106.7675,6.7295,0.9878324270248413
0,FlyBall,79.44071,28.156441,0.0021544434130191803
1,GroundBall,89.19115,5.323615,1.1067564487457275
0,GroundBall,86.4684,-1.276705,0.07376054674386978
2,LineDrive,100.34213,14.156448,1.9812958240509033
2,Popup,72.63689,34.589177,1.9965616464614868
2,LineDrive,95.41334,9.941251,1.9142634868621826
4,FlyBall,97.88233,30.430753,2.6245672702789307
0,Bunt,28.5749,-8.988002,
2,FlyBall,95.75501,22.702648,1.9529091119766235
0,GroundBall,97.33118,-3.207754,0.013781731016933918
2,GroundBall,95.57488,-29.758197,1.8615044355392456
0,FlyBall,88.86669,38.882792,0.019879600033164024
0,FlyBall,107.20299,39.390475,-0.01818968541920185
0,GroundBall,85.24094,-18.306498,0.09333669394254684
0,FlyBall,98.24165,27.053074,0.008870347402989864
1,LineDrive,97.8851,14.981331,1.013627052307129
1,Popup,75.87831,37.549474,1.0001870393753052
0,GroundBall,74.96488,-46.645336,-0.010475280694663525
2,LineDrive,92.35257,16.839115,0.9540796279907227
1,GroundBall,97.68239,-12.060669,0.9084953665733337
0,GroundBall,76.61952,-7.554159,0.03622791916131973
1,Popup,74.16711,25.310876,0.999836802482605
4,FlyBall,90.69157,29.510298,0.022444266825914383
1,LineDrive,104.54146,9.396025,1.0088906288146973
0,GroundBall,85.61131,-6.661768,0.044148001819849014
0,Popup,85.98546,58.249002,6.669801950920373e-05
0,GroundBall,108.50412,-23.552244,0.009656718000769615
0,GroundBall,92.28207,-8.071332,0.010089234448969364
2,LineDrive,99.74794,6.951468,1.988671898841858
0,GroundBall,117.55773,-40.202963,-0.13485287129878998
2,GroundBall,67.47922,-34.59958,1.7820624113082886
0,GroundBall,82.85455,-61.461134,-0.021385708823800087
1,LineDrive,92.50861,14.775535,1.0149739980697632
0,GroundBall,103.52349,-10.271996,0.02922501042485237
0,GroundBall,105.6252,-21.225827,0.17085883021354675
1,LineDrive,101.8587,3.086168,0.9952607750892639
2,LineDrive,109.00673,14.135286,0.5362858176231384
0,Popup,88.53462,62.517934,0.03663536161184311
1,GroundBall,104.10568,-16.192452,0.9881230592727661
2,LineDrive,102.02077,11.788499,1.3018171787261963
0,GroundBall,75.74185,0.486026,0.32621148228645325
0,GroundBall,70.98834,-45.778604,0.01184141170233488
0,GroundBall,88.24034,-18.545494,0.030664654448628426
2,FlyBall,90.59039,27.121213,1.9275816679000854
1,LineDrive,105.36919,10.337784,1.4739737510681152
0,GroundBall,34.52928,-81.404343,0.02169477380812168
0,GroundBall,65.88609,-67.586158,-0.028876157477498055
0,Bunt,31.06573,13.827269,
0,LineDrive,95.45709,8.726899,0.07177600264549255
1,FlyBall,82.07428,32.475139,0.931405782699585
0,GroundBall,96.47033,-11.817462,0.7518004775047302
1,LineDrive,97.27315,11.575616,0.5180119872093201
0,FlyBall,106.96138,36.613339,0.06721116602420807
0,GroundBall,65.32807,-47.596186,-0.023105904459953308
0,FlyBall,90.29768,29.147105,0.03679691255092621
0,GroundBall,98.22906,-13.88929,-0.01453896053135395
0,GroundBall,98.72665,-14.756016,-0.009606137871742249
0,LineDrive,106.16177,10.666244,0.03876723721623421
0,LineDrive,98.82535,10.551273,0.06337243318557739
0,GroundBall,52.86433,0.37113,0.01043221727013588
0,GroundBall,56.55349,-66.94587,0.02199074812233448
0,GroundBall,91.72899,-30.179696,0.055723048746585846
0,GroundBall,97.80508,-21.052856,0.011579688638448715
0,GroundBall,83.44537,-29.853781,0.020155666396021843
3,LineDrive,103.60213,15.920326,1.1482917070388794
3,LineDrive,98.84271,18.418656,2.917451858520508
0,FlyBall,75.58942,48.991325,0.590962290763855
1,GroundBall,87.37172,-8.47776,0.891936719417572
0,FlyBall,86.48395,30.209841,0.0015741323586553335
1,LineDrive,96.98559,12.033139,0.7679628729820251
2,LineDrive,107.55074,16.30919,1.991476058959961
1,LineDrive,101.95802,8.915925,1.0329375267028809
2,FlyBall,102.30257,27.161259,1.9793013334274292
0,Popup,68.56599,82.843267,0.0005266115767881274
1,LineDrive,98.14919,14.018476,0.9946057200431824
0,FlyBall,85.63761,52.099031,-0.0013235830701887608
1,GroundBall,102.54314,5.870694,0.3971448838710785
1,GroundBall,83.45583,7.851427,0.47787320613861084
3,LineDrive,99.04311,20.617075,2.991771697998047
0,FlyBall,93.77652,40.122325,-0.0062494738958776
0,FlyBall,96.62465,57.525596,-0.005748245865106583
0,FlyBall,92.54815,34.391306,0.005182291381061077
0,Popup,89.47538,64.582686,0.0004637591482605785
0,LineDrive,89.18342,19.400889,1.2116320133209229
4,FlyBall,109.58821,17.878398,3.984616756439209
0,GroundBall,69.57079,-27.859276,0.000368844106560573
0,GroundBall,82.92999,7.840849,0.06385330855846405
0,GroundBall,63.29863,-48.344372,0.016587797552347183
1,LineDrive,102.36792,5.708017,1.005898356437683
1,LineDrive,102.64515,8.551403,1.8521721363067627
0,FlyBall,94.58911,23.720054,-0.013010420836508274
0,LineDrive,86.37383,9.162774,0.7394617199897766
0,GroundBall,73.06026,-2.482907,0.014624559320509434
1,GroundBall,99.98039,2.69181,0.9434806704521179
0,FlyBall,90.77245,24.392762,0.026168271899223328
2,FlyBall,86.86077,26.526302,1.9387654066085815
0,FlyBall,105.86742,22.035933,0.033634163439273834
1,GroundBall,102.25931,0.864072,0.9698994159698486
0,GroundBall,58.12445,-32.214473,0.0682680681347847
1,LineDrive,65.76197,25.276212,0.997983455657959
0,Popup,85.19873,59.351466,6.669801950920373e-05
0,GroundBall,90.23045,-2.518063,-0.03964265063405037
0,GroundBall,67.88456,4.574619,0.01783047989010811
1,GroundBall,94.44101,3.784181,0.8231676816940308
0,FlyBall,94.24889,21.509367,0.4029292166233063
0,GroundBall,68.2361,-17.363028,0.0034944647923111916
0,FlyBall,99.88112,20.088402,0.017803233116865158
0,FlyBall,73.82783,30.669534,0.01696501299738884
0,LineDrive,97.70223,16.554718,0.04394190385937691
1,GroundBall,89.98571,-17.933917,0.8142723441123962
1,GroundBall,70.45539,-1.011902,-0.07832600176334381
1,Popup,81.70637,44.015309,0.9970943927764893
0,LineDrive,101.7536,14.605658,1.2500568628311157
1,LineDrive,83.46991,11.526724,0.21988080441951752
0,GroundBall,102.12025,0.308169,0.03737429156899452
0,FlyBall,93.08577,46.809994,0.002712845802307129
0,FlyBall,87.44002,40.396999,0.0091830650344491
0,GroundBall,72.01143,-42.670581,0.006483270321041346
0,GroundBall,,,1.5019162893295288
1,GroundBall,97.35112,-1.175027,0.9929744601249695
0,GroundBall,101.72512,1.114638,0.02225470542907715
4,FlyBall,104.56909,23.490984,4.002739429473877
1,LineDrive,96.2337,7.791517,0.9654742479324341
0,GroundBall,88.18799,-8.417198,0.03641878068447113
0,FlyBall,79.34372,39.294777,-0.017730403691530228
0,GroundBall,101.55576,-7.191772,0.016731593757867813
0,LineDrive,90.54679,18.20806,-0.016216157004237175
1,LineDrive,102.31804,7.751574,0.9372962117195129
0,GroundBall,80.42369,-10.240806,-0.011798628605902195
1,LineDrive,86.07634,10.87936,0.9583742618560791
0,GroundBall,80.6011,-41.718254,-0.025744959712028503
0,GroundBall,97.67605,-6.99414,0.008430303074419498
1,GroundBall,98.05365,4.849384,0.9117692112922668
1,GroundBall,107.03257,-2.060998,0.9545203447341919
0,Popup,85.05338,63.084262,6.669801950920373e-05
2,FlyBall,97.59978,21.103362,2.0027406215667725
0,FlyBall,83.06399,20.297176,0.6458572745323181
0,FlyBall,90.62253,53.86926,0.028552789241075516
0,FlyBall,90.94248,40.107258,-0.005047669168561697
0,GroundBall,68.27442,-60.171252,0.04757273569703102
0,FlyBall,83.0502,25.380142,-0.24145835638046265
0,FlyBall,90.55112,43.871295,-0.0012817985843867064
1,LineDrive,86.94225,13.941133,1.0027917623519897
0,GroundBall,87.06967,-6.994775,0.040095191448926926
1,LineDrive,92.44507,10.33239,0.9845338463783264
0,FlyBall,99.02488,28.989701,-0.13833846151828766
0,Bunt,37.00403,-43.865789,
1,GroundBall,67.46764,-52.252713,0.9498149156570435
1,GroundBall,87.70578,-19.2593,0.9062888622283936
2,FlyBall,104.86854,20.921443,1.9699021577835083
2,LineDrive,105.54384,11.515443,1.9977328777313232
1,LineDrive,103.37334,13.45866,1.8779789209365845
1,LineDrive,107.97446,9.937746,1.155582308769226
1,GroundBall,95.15672,1.680465,0.9926586747169495
2,Popup,75.76735,20.36176,1.998105525970459
2,Popup,75.89858,43.460368,0.16099928319454193
0,GroundBall,71.78831,-11.950096,-0.0072271800599992275
2,FlyBall,,,2.4264326095581055
0,FlyBall,87.89961,46.295408,0.008641812950372696
0,GroundBall,77.35324,-0.980789,-0.03342748433351517
2,LineDrive,99.29585,20.40048,2.0045900344848633
3,GroundBall,101.85464,4.735721,3.001361846923828
0,GroundBall,73.9865,-38.038363,-0.09071385860443115
1,LineDrive,95.6863,13.367968,0.948576807975769
1,GroundBall,80.12538,4.948914,0.9363681674003601
1,GroundBall,98.73361,-1.537371,0.058565884828567505
0,FlyBall,99.18198,34.306508,-0.0447612926363945
0,Popup,100.13377,60.975924,0.00017920511891134083
0,Popup,92.24649,59.364981,0.00017920511891134083
1,GroundBall,103.23888,-0.077042,0.9709400534629822
0,FlyBall,97.40139,26.601597,-0.016036808490753174
1,LineDrive,98.32251,6.601491,0.9997951984405518
0,GroundBall,74.00176,-61.386411,-0.028500458225607872
0,FlyBall,95.07052,25.753729,1.3475478887557983
0,FlyBall,91.05573,23.011241,-0.01848306879401207
0,FlyBall,87.37427,26.290169,0.003935167565941811
0,GroundBall,85.53676,-29.934529,0.02523304894566536
0,Popup,86.58356,67.035628,6.669801950920373e-05
0,GroundBall,93.29055,6.046915,0.03361663594841957
1,GroundBall,93.16165,-0.164953,0.932736337184906
0,GroundBall,101.8754,-8.017225,-0.1674821376800537
0,GroundBall,76.19152,-28.637573,0.02187963016331196
1,GroundBall,100.69645,4.898488,0.9855815768241882
0,GroundBall,88.32709,-24.939212,0.04730414226651192
1,GroundBall,100.69047,-3.780366,0.970470666885376
0,GroundBall,115.04901,-42.339014,0.000500753172673285
0,GroundBall,88.83827,-20.00507,0.05492417514324188
0,FlyBall,86.26342,41.556173,0.0015532050747424364
0,GroundBall,81.79259,-28.128177,-0.006419636774808168
0,LineDrive,93.57502,6.334987,-0.0002377019845880568
1,GroundBall,96.55816,-9.10274,0.9050977826118469
2,FlyBall,99.78974,18.13854,1.969106674194336
0,GroundBall,97.54782,3.105711,0.07832621783018112
0,Popup,82.70962,70.213621,0.00016695275553502142
0,GroundBall,89.36482,-1.922947,0.0830405056476593
1,GroundBall,70.2099,10.694249,0.9729228019714355
2,FlyBall,87.98648,25.234309,1.9248108863830566
0,Popup,70.07098,71.497318,-0.0005444105481728911
1,LineDrive,97.04633,12.546035,1.0197023153305054
1,LineDrive,71.78525,16.239341,0.9948891997337341
2,GroundBall,86.45614,-3.044025,1.8560630083084106
0,GroundBall,67.88942,-68.6074,1.1341674327850342
1,LineDrive,89.8914,8.833783,0.9698203206062317
0,GroundBall,72.76927,-3.704322,0.01280992478132248
1,GroundBall,91.1967,-9.191133,0.9589486122131348
1,GroundBall,73.11994,-80.147932,1.0331867933273315
0,Popup,73.9916,68.992603,-0.0003055408305954188
1,LineDrive,97.22786,8.491637,0.8581568598747253
1,LineDrive,104.12425,6.099205,0.9893724322319031
0,Popup,89.46578,65.161313,0.0004637591482605785
1,GroundBall,98.96546,-8.480883,0.9920870661735535
0,LineDrive,105.09264,17.877073,0.11150716245174408
0,LineDrive,89.19378,23.618427,0.025701528415083885
0,FlyBall,98.35025,49.066613,-0.005951873958110809
0,GroundBall,98.36961,-5.770207,0.012728693895041943
2,LineDrive,93.74623,19.170911,0.37414589524269104
0,FlyBall,83.63076,51.9592,-0.00471754465252161
0,GroundBall,80.84213,-40.951579,-0.014058299362659454
0,GroundBall,96.75456,-6.205282,0.10947037488222122
1,GroundBall,98.39753,8.440079,0.962463915348053
1,GroundBall,98.13533,6.734271,1.0046306848526
0,FlyBall,90.60428,36.13901,0.0033822073601186275
0,Popup,67.63467,60.86126,0.0005266115767881274
1,GroundBall,102.25592,-5.862962,0.9979528188705444
1,GroundBall,89.096,-5.664002,0.9931997656822205
0,FlyBall,80.19237,22.893236,-0.001970408484339714
0,LineDrive,97.99856,17.741872,0.10495607554912567
0,FlyBall,90.29706,43.347818,0.0005920188268646598
1,GroundBall,81.86945,6.368615,0.9638040065765381
1,GroundBall,94.28,-2.329739,0.9381109476089478
1,Bunt,,,
0,Popup,77.8597,65.287075,-0.00017665763152763247
1,LineDrive,78.05184,11.467188,0.964226484298706
1,GroundBall,81.30035,-12.466931,0.8519486784934998
0,FlyBall,87.43029,49.425524,-0.004560073837637901
0,GroundBall,90.05832,-36.28287,-0.017211101949214935
1,LineDrive,107.89694,11.992798,0.9798742532730103
1,GroundBall,82.36044,2.773539,0.8392624258995056
1,LineDrive,71.02535,24.393661,1.1008944511413574
0,FlyBall,83.50459,51.291439,-0.00471754465252161
2,FlyBall,95.09901,39.586043,2.0113813877105713
0,GroundBall,75.25275,-19.34155,0.21050897240638733
2,Popup,89.6129,57.327174,1.9964988231658936
1,GroundBall,100.46702,5.874981,0.9771315455436707
1,LineDrive,77.88518,18.17402,0.9894884824752808
0,FlyBall,88.11224,31.396526,-0.022746538743376732
0,FlyBall,94.44975,36.859514,-0.00093681993894279
0,GroundBall,102.43195,-3.841099,1.1322375535964966
0,Popup,92.6642,64.657642,0.00017920511891134083
0,FlyBall,93.17636,29.650031,-0.12374548614025116
0,FlyBall,99.24791,25.712891,0.008048665709793568
0,FlyBall,101.35812,19.883332,-0.0009208226692862809
0,FlyBall,87.59606,36.349661,-0.007861207239329815
0,FlyBall,99.13519,32.828002,0.02545062080025673
0,LineDrive,62.17278,21.564812,0.8169402480125427
0,FlyBall,89.21074,53.998215,-0.00225880928337574
0,FlyBall,94.44447,59.787586,0.014240249060094357
0,FlyBall,85.04043,46.709901,0.0030730513390153646
0,FlyBall,90.26183,42.626835,0.0005920188268646598
0,FlyBall,98.22226,36.08969,-0.314776211977005
0,GroundBall,96.27676,2.139375,0.031582072377204895
0,GroundBall,102.62568,-47.758383,0.007179553620517254
2,LineDrive,100.07342,11.666712,1.8858259916305542
0,Popup,86.50328,74.797933,6.669801950920373e-05
1,GroundBall,86.06009,4.561922,0.9725345969200134
1,LineDrive,99.33231,14.967517,0.9979046583175659
0,Popup,79.25489,55.209852,0.01475881040096283
0,GroundBall,83.74203,-29.691322,-0.009931137785315514
1,GroundBall,59.60696,22.843482,1.0031298398971558
0,Bunt,,,
0,GroundBall,66.52171,-38.25168,-0.001594363246113062
0,FlyBall,85.26508,50.733725,-0.00471754465252161
0,FlyBall,91.09574,30.055554,0.026538493111729622
1,LineDrive,76.29313,16.72641,0.985306978225708
1,GroundBall,86.38496,-35.539527,1.0449851751327515
1,GroundBall,85.33742,-3.83396,0.4228057563304901
4,FlyBall,107.45024,31.208058,4.035927772521973
0,FlyBall,97.71252,26.350323,0.051043566316366196
1,LineDrive,95.79585,23.699694,0.9853156805038452
0,Popup,56.45058,38.065844,0.0010202089324593544
1,GroundBall,102.3487,-2.722439,0.974839985370636
1,LineDrive,87.3056,13.638288,1.0792170763015747
2,LineDrive,89.58556,17.671625,1.9754102230072021
2,LineDrive,108.31201,15.061886,1.9581881761550903
1,GroundBall,78.52515,-5.746355,0.940295398235321
0,FlyBall,88.77485,45.819895,-0.002452466171234846
0,GroundBall,87.68565,-8.331723,0.04040922224521637
1,GroundBall,88.43256,0.26763,0.8694051504135132
2,LineDrive,108.21673,15.838049,2.0081238746643066
0,LineDrive,102.26184,5.534008,0.002947789616882801
0,GroundBall,79.21447,-14.462985,-0.029493657872080803
0,GroundBall,74.19273,-52.822976,0.01606106013059616
1,GroundBall,105.70367,4.423845,1.0068072080612183
0,LineDrive,85.51866,16.295761,0.08259915560483932
0,FlyBall,92.75686,51.245823,0.007555866148322821
0,Popup,76.03306,70.273017,2.7817410227726214e-05
1,GroundBall,98.05272,-1.305403,1.050692081451416
0,GroundBall,80.66831,-12.217474,0.08766528964042664
1,GroundBall,40.25642,-76.941322,0.9778361320495605
0,FlyBall,102.82354,24.450407,0.019034497439861298
0,FlyBall,98.70342,35.02242,-0.01799176260828972
0,FlyBall,84.24448,47.321179,-0.02090432122349739
1,LineDrive,101.55973,13.00494,1.0018954277038574
0,GroundBall,,,1.5019162893295288
0,GroundBall,99.43125,-56.227479,-0.0048545124009251595
0,FlyBall,83.29327,40.655849,0.0010182594414800406
0,GroundBall,101.0455,-6.056174,0.11318901926279068
0,FlyBall,85.91527,49.760882,-0.0004375076969154179
0,GroundBall,70.31974,-51.765072,0.01549365185201168
0,FlyBall,85.85534,35.867042,-0.04756643623113632
1,LineDrive,92.83948,12.440115,1.006884217262268
0,FlyBall,105.11232,20.833553,0.014702037908136845
1,GroundBall,87.99206,-26.762382,0.03846446052193642
0,Popup,93.20631,58.36137,0.00017920511891134083
0,FlyBall,92.5221,41.570157,-0.006205103360116482
0,LineDrive,95.84618,18.064316,0.06784707307815552
0,GroundBall,90.49179,-12.415299,0.11480683833360672
0,GroundBall,90.0271,1.298712,0.13318631052970886
0,GroundBall,77.25688,-7.389111,0.07025348395109177
0,GroundBall,90.00495,2.515635,0.6126112341880798
1,GroundBall,95.50593,-0.644498,1.0039916038513184
1,LineDrive,68.32074,18.863127,0.9021663069725037
0,Popup,49.74118,63.250755,2.202076393587049e-05
0,GroundBall,69.49804,-76.298046,0.03247634693980217
1,LineDrive,89.30357,14.827255,1.0343762636184692
1,GroundBall,77.31952,-32.283542,0.8470026254653931
0,Popup,79.66097,67.547332,0.00019939235062338412
0,FlyBall,97.995,29.191129,1.0725369453430176
0,GroundBall,62.54391,-72.255662,0.005666707176715136
0,Popup,77.28345,74.762082,-0.00017665763152763247
0,LineDrive,96.54238,22.412945,0.05913006514310837
1,GroundBall,54.37531,-62.110036,0.908257007598877
2,FlyBall,101.60213,24.59078,1.6350131034851074
1,LineDrive,99.35758,17.000758,0.5808762907981873
1,LineDrive,89.67498,7.976145,0.9640986323356628
0,FlyBall,91.43326,40.172831,0.0025478084571659565
0,GroundBall,91.31056,-14.231337,0.04161759465932846
1,LineDrive,95.76266,14.248386,1.03769850730896
0,GroundBall,98.41243,5.653859,0.04340093582868576
0,GroundBall,85.25547,-2.998616,0.09762906283140182
0,LineDrive,105.60022,7.377332,0.034895364195108414
1,LineDrive,103.07891,9.867188,1.0495283603668213
0,FlyBall,89.54767,50.506648,0.003647779580205679
1,GroundBall,98.09164,-1.212562,1.19024658203125
0,FlyBall,100.60537,27.69319,0.09250030666589737
0,GroundBall,67.16203,-75.663218,-0.008597826585173607
1,GroundBall,101.30223,2.472459,0.9617182016372681
0,LineDrive,96.29294,13.326166,0.09006325900554657
1,GroundBall,96.95546,-0.586933,1.0386983156204224
1,GroundBall,94.63796,5.656206,0.917601466178894
0,GroundBall,90.69711,-24.100412,0.0570644848048687
0,LineDrive,106.12829,19.863,0.07368090748786926
0,FlyBall,96.19641,38.695179,-0.006156906485557556
0,GroundBall,99.25559,8.661748,0.055976659059524536
1,LineDrive,99.00111,14.484653,1.0156879425048828
0,LineDrive,94.14821,19.719502,0.3189992606639862
2,LineDrive,112.04857,19.073678,1.994983196258545
0,LineDrive,95.36608,18.22336,0.013970829546451569
0,FlyBall,100.68602,20.503292,0.08047428727149963
0,FlyBall,96.71092,28.460036,0.0702911764383316
0,GroundBall,91.91851,3.062507,0.5754260420799255
1,GroundBall,94.12227,2.941203,0.16755300760269165
1,GroundBall,97.07331,-8.818447,0.9062568545341492
1,GroundBall,94.97071,-6.228524,0.5558210611343384
1,GroundBall,86.13087,-10.949719,1.0040855407714844
1,GroundBall,,,1.5019162893295288
4,FlyBall,104.6478478,42.06473895,4.018077373504639
4,FlyBall,105.1775006,29.94060262,3.3879265785217285
1,,,,
0,Bunt,33.67857378,-37.89740399,
3,GroundBall,95.69370937,4.7614528,2.930917501449585
1,GroundBall,,,1.5019162893295288
0,FlyBall,87.74655581,38.76676458,0.0039205774664878845
0,Popup,85.87094971,49.78187213,0.0020595237147063017
0,GroundBall,,,1.5019162893295288
0,Popup,90.77068863,65.0329688,0.00017920511891134083
0,GroundBall,,,1.5019162893295288
1,Popup,77.86126251,50.26733639,0.9935705661773682
0,FlyBall,87.22834833,33.45418368,0.03635237738490105
0,LineDrive,98.88327466,8.163920183,0.07954216003417969
0,Popup,87.57043808,63.2565814,6.669801950920373e-05
1,Bunt,,,
1,GroundBall,86.91568332,10.39727581,0.98442143201828
2,GroundBall,108.8462777,11.48732244,2.001176357269287
1,LineDrive,97.44752788,11.23953202,1.011426329612732
1,,94.31877107,11.07583926,
0,FlyBall,95.98329087,32.15641641,0.03600528836250305
0,Popup,83.93470705,50.27956384,-0.0006061241729184985
0,GroundBall,80.33317019,-12.79055917,0.04508252441883087
0,FlyBall,72.68280794,31.81938188,0.014525475911796093
0,GroundBall,,,1.5019162893295288
0,FlyBall,95.53037667,16.78098871,0.010340479202568531
0,GroundBall,79.77849994,-12.87874584,0.04821013659238815
3,FlyBall,102.2330767,21.28085297,3.0097813606262207
1,,86.18482017,9.560282166,
0,GroundBall,87.32434793,-9.724116366,0.026131149381399155
3,FlyBall,98.10273475,29.97057709,2.9902608394622803
0,GroundBall,80.41569413,-8.307631795,-0.005818726494908333
1,,71.08159094,24.13994878,
0,Popup,75.26221396,66.58481208,2.7817410227726214e-05
2,,104.0770312,13.68186612,
0,,,,
0,GroundBall,102.044123,2.013472673,-0.0122881680727005
4,FlyBall,97.29095133,34.15801168,-0.5804148316383362
0,FlyBall,96.63145276,15.54188659,0.1588284820318222
0,GroundBall,,,1.5019162893295288
0,Popup,92.53502738,38.00741362,0.00045571470400318503
0,LineDrive,97.10216483,14.07856539,0.031177466735243797
0,Popup,83.99472146,42.35030336,0.003451419295743108
1,,92.24357266,2.583189454,
0,FlyBall,106.4411515,19.04138681,0.03785127401351929
1,,,,
0,GroundBall,100.2837775,1.978659972,0.04131549969315529
0,GroundBall,91.77736848,4.603306575,0.02021578513085842
1,,67.75373502,19.72662501,
0,FlyBall,97.54688264,18.80149712,0.0047196149826049805
0,Popup,89.62284238,36.92762901,-0.00014912398182787
0,,88.33132952,28.67891173,
0,,77.89739404,29.4570106,
0,GroundBall,,,1.5019162893295288
1,GroundBall,102.3732192,-5.045130262,1.0090528726577759
0,FlyBall,105.0625193,20.16694059,-0.006591340992599726
1,GroundBall,97.80186662,-12.92251415,0.9164543151855469
1,Bunt,,,
0,FlyBall,97.09316712,19.7726264,0.04200604557991028
1,FlyBall,95.14642741,16.92034171,0.9937791228294373
0,Popup,93.54118628,32.56043627,-0.3972642123699188
0,Popup,99.68399176,33.94679336,-0.00036794753395952284
0,GroundBall,105.1102246,-10.01782827,0.0036057813558727503
0,GroundBall,,,1.5019162893295288
0,FlyBall,103.0858121,20.03192378,-0.021710358560085297
1,,90.79887534,-11.73630628,
0,Bunt,,,
1,GroundBall,99.21269698,-2.33113396,1.0171737670898438
1,GroundBall,,,1.5019162893295288
1,GroundBall,98.06303241,-11.45547838,1.010342001914978
1,FlyBall,72.37732406,45.55169037,1.043342113494873
0,LineDrive,79.7416432,10.01479843,0.03667201101779938
0,GroundBall,,,1.5019162893295288
0,FlyBall,81.72600628,29.25392689,0.004912103526294231
0,GroundBall,112.5097699,-1.019622718,-0.0035015521571040154
0,Popup,94.3663809,70.3521875,0.00017920511891134083
1,GroundBall,102.2239857,3.481358042,-0.017753105610609055
0,GroundBall,99.62305863,-6.640503457,0.02193085476756096
0,GroundBall,91.60825987,-3.380778523,0.029906196519732475
1,GroundBall,,,1.5019162893295288
0,FlyBall,87.17006327,22.20024131,0.006308719515800476
0,GroundBall,,,1.5019162893295288
0,Popup,94.48051923,56.07299653,0.00032262507011182606
0,GroundBall,,,1.5019162893295288
0,GroundBall,,,1.5019162893295288
2,,99.14824837,21.71260688,
1,GroundBall,103.7075236,-1.879627643,0.03898375853896141
1,,95.79180185,-12.61883371,
1,FlyBall,78.01156507,19.55570207,0.9790911674499512
1,Popup,64.54524401,32.9047137,1.0002317428588867
0,GroundBall,,,1.5019162893295288
0,Bunt,29.96476155,-28.48961856,
2,FlyBall,101.8112962,30.02074463,1.9543192386627197
1,GroundBall,99.04243918,12.27590614,0.9998053312301636
0,GroundBall,,,1.5019162893295288
1,GroundBall,52.9861678,-12.8969271,0.030975492671132088
0,Popup,88.05274658,34.00601519,0.00026174061349593103
1,,104.4886865,10.75163602,
0,GroundBall,73.90335831,-10.55439723,0.08853542804718018
1,,98.04015778,-4.756452562,
0,GroundBall,,,1.5019162893295288
1,,89.20256506,-3.377054821,
2,FlyBall,105.0778327,29.70013677,2.0607521533966064
0,FlyBall,98.79484676,22.1220062,0.002597683109343052
0,GroundBall,93.70222443,-13.68448196,0.014914494007825851
0,FlyBall,,,2.4264326095581055
0,Popup,101.3470155,40.69004185,-0.00035732644028030336
0,GroundBall,86.98380667,6.919188053,0.0008211003732867539
1,,64.33980556,39.0033459,
0,Popup,82.60557378,45.78929504,-0.0008043950074352324
0,Popup,95.20862505,35.34779979,-0.00014912398182787
0,Popup,85.76781632,51.00630535,-0.0004680939018726349
1,GroundBall,63.80936538,-8.587001648,1.0109730958938599
0,GroundBall,,,1.5019162893295288
0,Popup,,,0.00017920511891134083
0,GroundBall,84.56272261,58.87600982,0.03487469628453255
0,Popup,82.10456745,56.76047847,0.00024726244737394154
1,,100.8884383,16.72222594,
0,Bunt,27.13606698,-17.49605724,
0,GroundBall,66.4300584,-11.57869535,-0.01932542771100998
0,GroundBall,75.93829165,-1.60457837,-0.008905242197215557
2,,76.56143016,6.42901977,
0,FlyBall,96.57691686,29.32697548,0.019562184810638428
0,Popup,100.2752406,36.0687701,-0.00014912398182787
0,Popup,80.82218889,51.74653027,0.0022376172710210085
1,GroundBall,,,1.5019162893295288
0,LineDrive,71.26227599,10.69372012,-0.00717468885704875
0,GroundBall,94.49585445,8.200252611,0.05132467299699783
0,FlyBall,87.76274015,37.77497756,0.02673787996172905
0,Popup,,,0.00017920511891134083
0,Popup,82.53544959,74.08773197,0.00016695275553502142
0,,91.1265291,33.57007919,
0,Popup,78.38062487,52.31534213,0.0022376172710210085
1,LineDrive,99.63029293,11.3049101,0.9919144511222839
1,GroundBall,93.27427678,-3.048924599,1.0050655603408813
0,GroundBall,100.8801486,1.167224921,0.5113030672073364
0,Bunt,,,
0,GroundBall,83.81625763,-11.68930467,0.025900887325406075
0,GroundBall,88.50782731,-15.94072835,0.4093174636363983
0,GroundBall,72.60322269,-0.266492481,0.011179346591234207
0,LineDrive,92.8017213,7.267129188,0.026286372914910316
0,Popup,89.58991043,42.65552197,0.0004905700334347785
1,,99.27527639,8.334951202,
0,GroundBall,108.8866459,-0.406073308,0.05505060404539108
1,,57.04211315,6.948172893,
2,GroundBall,99.85885993,4.247630332,1.8878203630447388
2,GroundBall,96.1191918,10.30508911,1.9953433275222778
1,,,,
0,GroundBall,,,1.5019162893295288
1,,,,
0,Popup,82.35510608,64.36834695,0.00016695275553502142
0,Popup,88.81356557,45.68011368,0.002299587009474635
0,GroundBall,,,1.5019162893295288
0,Popup,83.14663067,76.20840531,0.00016695275553502142
0,FlyBall,90.14474,43.516284,0.0005920188268646598
0,GroundBall,,,1.5019162893295288
0,GroundBall,83.219,-13.415753,0.014585190452635288
0,LineDrive,96.94594,17.02489,0.06398807466030121
0,GroundBall,79.66286,-27.858583,-0.02557961642742157
0,FlyBall,89.8178,34.864599,-0.00735295657068491
4,FlyBall,94.36457,27.969067,3.885903835296631
0,Popup,86.72374,57.595258,6.669801950920373e-05
0,LineDrive,98.7682,20.56921,0.0029002344235777855
0,GroundBall,71.4584,5.233894,0.00029496802017092705
0,GroundBall,67.17484,-5.207383,0.0027358836960047483
0,LineDrive,91.42984,8.994045,0.008425528183579445
0,Popup,62.896,65.144851,2.8937791284988634e-05
1,GroundBall,99.44743,4.503714,1.0278788805007935
0,LineDrive,64.80997,15.967836,0.01906786672770977
1,GroundBall,93.22006,-10.822457,0.5287609100341797
0,GroundBall,77.68321,-5.272388,0.005761198233813047
4,FlyBall,108.31563,32.148463,4.016904830932617
1,GroundBall,55.71248,10.604913,0.9419474601745605
2,LineDrive,83.89424,19.495211,1.9118837118148804
1,GroundBall,103.93512,-6.022878,0.9860275387763977
1,GroundBall,81.81525,4.36259,0.9474787712097168
1,GroundBall,90.67718,-5.394289,1.0445359945297241
1,GroundBall,86.11667,-47.732598,0.9165449142456055
4,FlyBall,87.53025,38.54051,3.8888299465179443
1,GroundBall,105.40121,3.168955,0.9538053274154663
0,GroundBall,74.47193,-51.798721,0.027042802423238754
2,FlyBall,99.57106,25.639812,2.0150303840637207
0,GroundBall,96.87659,-11.276913,0.7901279926300049
0,GroundBall,89.02739,-6.068148,0.3810589015483856
1,LineDrive,99.24334,10.557419,0.9486446380615234
0,GroundBall,69.52467,-7.286348,0.0263180173933506
1,GroundBall,103.89122,-0.184995,0.991068422794342
0,GroundBall,92.80618,-3.650919,0.001642234856262803
0,GroundBall,100.06999,4.76532,0.08675650507211685
0,GroundBall,73.77973,3.495774,-0.012290282174944878
0,GroundBall,64.7471,-72.457322,0.012207169085741043
0,GroundBall,100.12517,-3.663344,0.005057895090430975
4,FlyBall,89.82531,39.616302,3.8976409435272217
0,GroundBall,72.4149,-18.22375,0.03473338857293129
0,GroundBall,65.30112,-32.785014,0.5037293434143066
0,FlyBall,84.92781,52.457042,-0.00471754465252161
0,FlyBall,88.32955,50.973711,0.003647779580205679
0,LineDrive,96.21102,16.246822,0.004342335741966963
2,FlyBall,97.83571,21.65109,1.998826503753662
2,FlyBall,101.92272,20.95001,1.9903644323349
0,GroundBall,67.66661,0.684192,0.061769407242536545
0,GroundBall,92.77126,-6.929534,0.0193684920668602
1,GroundBall,93.58796,-7.489424,0.8548582196235657
0,GroundBall,96.92955,-67.98356,0.05061380937695503
1,GroundBall,95.61683,1.531489,1.0450478792190552
1,LineDrive,104.8398,6.874136,1.0042837858200073
0,GroundBall,57.87287,-15.45318,-0.0028502086643129587
0,LineDrive,100.48222,17.168726,0.005079586058855057
3,LineDrive,97.1198,17.820567,2.8618810176849365
3,FlyBall,85.73861,27.615669,2.983328342437744
0,GroundBall,67.52044,0.013468,0.15510189533233643
0,GroundBall,34.19147,-51.584294,0.0038795010186731815
0,FlyBall,95.27952,20.884601,0.14066609740257263
0,GroundBall,95.27254,-21.284547,0.0017237820429727435
1,LineDrive,79.26895,21.233399,0.9871507883071899
4,FlyBall,91.2714,35.575794,3.876054525375366
0,FlyBall,72.85154,61.006141,0.011494402773678303
0,Popup,63.00813,63.869309,2.8937791284988634e-05
0,GroundBall,94.13813,3.444907,0.038177359849214554
1,GroundBall,98.86474,6.804356,1.0173945426940918
0,FlyBall,80.09057,26.725232,-0.013089342974126339
1,GroundBall,99.20312,7.120482,0.9928373694419861
1,LineDrive,96.49352,7.634338,1.6105473041534424
4,FlyBall,93.07465,27.494796,0.8828036189079285
0,GroundBall,87.33916,-14.214421,0.057808876037597656
0,FlyBall,96.50249,34.070843,-0.007881786674261093
0,GroundBall,89.8891,-29.010873,0.02249622344970703
2,GroundBall,83.91405,-12.629247,1.8194475173950195
1,GroundBall,73.50304,5.752669,1.0223968029022217
1,LineDrive,100.48093,6.103409,1.0042757987976074
1,FlyBall,97.78763,15.844407,1.0035524368286133
0,GroundBall,89.26736,5.85645,0.004110371693968773
0,FlyBall,90.53984,37.072059,0.025748781859874725
0,FlyBall,80.67085,23.038205,-0.0023101605474948883
0,GroundBall,,,1.5019162893295288
4,FlyBall,105.79066,21.442542,3.9535210132598877
2,LineDrive,97.93734,14.210416,1.917707920074463
4,FlyBall,103.85032,35.319455,3.991553544998169
0,FlyBall,94.9146,22.980213,0.0005870080785825849
0,FlyBall,91.18004,33.525374,0.0060987030155956745
1,GroundBall,,,1.5019162893295288
0,GroundBall,47.07619,-65.631291,0.006473301909863949
0,GroundBall,62.6567,-47.224617,0.07216677069664001
1,GroundBall,104.29444,1.62347,0.9008151888847351
0,Popup,75.32163,69.971394,2.7817410227726214e-05
0,Popup,,,0.00017920511891134083
0,GroundBall,67.16536,-8.640411,0.06942348182201385
1,LineDrive,104.13968,10.064887,1.0467427968978882
0,GroundBall,95.47932,-16.877676,0.03479040041565895
0,LineDrive,101.01997,16.271123,0.05046311020851135
4,FlyBall,112.61285,23.00407,3.9998984336853027
4,FlyBall,103.35581,26.854458,3.9997828006744385
1,GroundBall,91.07172,-4.99266,0.9768471121788025
0,FlyBall,85.453,36.435008,-0.008378583006560802
0,GroundBall,81.4037,-3.352743,0.012239943258464336
0,FlyBall,81.10993,27.532028,0.6279122829437256
0,FlyBall,90.16445,27.009054,0.014395980164408684
0,FlyBall,93.86506,26.91845,-0.007741943933069706
0,FlyBall,87.76929,58.985727,-0.007829303853213787
4,FlyBall,104.14656,27.013882,4.01585578918457
4,FlyBall,112.77487,22.479036,3.9997823238372803
1,GroundBall,64.79745,-7.636173,0.8945633172988892
1,GroundBall,89.74006,-21.33606,0.7862128019332886
0,GroundBall,84.6833,-3.483634,-0.04388203099370003
0,FlyBall,81.50856,50.801412,-0.03479737415909767
0,LineDrive,85.48515,7.853162,0.8877213001251221
0,GroundBall,74.17131,-23.571603,-0.06439848244190216
0,GroundBall,112.21563,-1.61387,-0.16540628671646118
0,FlyBall,78.48961,33.087698,-0.0013552039163187146
1,GroundBall,99.72353,0.008002,0.9687002897262573
0,GroundBall,66.3915,-46.514437,0.01176979299634695
1,GroundBall,107.16012,-0.507953,1.006039023399353
0,GroundBall,45.79013,-49.68206,0.003941940609365702
0,GroundBall,79.62116,-9.671146,0.21738116443157196
1,GroundBall,95.13898,-5.806444,0.9902795553207397
0,FlyBall,95.2625,23.730592,-0.003363097319379449
0,GroundBall,94.64419,3.038777,0.1997537761926651
1,FlyBall,72.23109,35.231936,0.9898022413253784
0,FlyBall,74.21854,49.205377,0.005500574596226215
1,GroundBall,103.72393,0.617037,0.8902796506881714
1,FlyBall,69.95996,32.119822,0.9847919940948486
0,FlyBall,92.58946,24.944941,0.0020384443923830986
0,FlyBall,73.72358,50.4518,0.005500574596226215
0,Popup,71.60966,80.161381,0.00020165742898825556
0,GroundBall,59.57434,-44.23708,0.006874822545796633
2,GroundBall,73.24384,-8.677694,1.8272006511688232
2,LineDrive,88.32622,11.852956,0.40458032488822937
0,GroundBall,65.68448,-1.010953,0.0008842541719786823
0,Popup,71.54142,68.602219,0.00020165742898825556
0,FlyBall,85.21397,26.233869,0.007152682635933161
0,GroundBall,91.43276,-1.028537,0.04523518681526184
0,GroundBall,81.84814,-19.957902,0.09867911040782928
0,GroundBall,81.44101,-6.683068,0.05979040265083313
0,GroundBall,80.35739,-8.35897,-0.005818726494908333
0,GroundBall,57.8148,-22.583867,0.006114135961979628
0,GroundBall,74.11283,-9.621465,-0.005394128151237965
0,GroundBall,65.15907,-31.737455,0.3233334422111511
0,GroundBall,91.02358,0.819405,0.1317734718322754
0,GroundBall,94.19721,-8.146731,0.023717906326055527
0,Popup,77.35427,60.746147,-0.00017665763152763247
0,FlyBall,101.81536,42.385181,-0.00213711173273623
0,FlyBall,100.54354,22.502241,0.016999276354908943
0,FlyBall,88.45978,33.05814,0.02181231789290905
0,GroundBall,71.64483,-63.804843,0.01740628480911255
4,FlyBall,104.20161,21.367359,4.014429092407227
0,GroundBall,83.31606,-25.656819,-0.07769731432199478
0,GroundBall,105.30949,-8.502321,0.026922157034277916
0,LineDrive,80.93624,23.727327,0.2846889793872833
0,GroundBall,45.02243,-24.028615,0.0028722775168716908
2,LineDrive,84.35397,12.155966,1.9438738822937012
0,Bunt,,,
1,LineDrive,70.68553,23.544823,1.0047191381454468
2,LineDrive,97.31922,16.900968,0.6012464761734009
0,LineDrive,104.47203,15.607773,0.08475084602832794
0,FlyBall,86.02383,53.007164,0.00627101119607687
0,GroundBall,88.38177,-22.255328,0.0001683938317000866
0,FlyBall,87.03979,34.264796,0.0010202685371041298
4,FlyBall,97.01943,28.883464,3.8859379291534424
0,GroundBall,80.69499,3.920812,-0.007391161285340786
0,GroundBall,99.23629,-7.046918,0.08307021111249924
0,GroundBall,97.60167,2.19468,0.02282138727605343
0,FlyBall,77.07054,57.565374,0.007237394340336323
1,LineDrive,98.77949,6.863842,0.9991101026535034
0,Popup,69.9824,56.898398,0.0006961997714824975
0,GroundBall,65.86159,10.67397,0.9911838173866272
0,GroundBall,85.73378,-2.528303,0.023456260561943054
1,GroundBall,,,1.5019162893295288
2,FlyBall,78.12389,22.742224,0.17880253493785858
0,FlyBall,,,2.4264326095581055
1,GroundBall,,,1.5019162893295288
2,FlyBall,,,2.4264326095581055
1,GroundBall,100.87631,-1.492966,0.91544508934021
3,LineDrive,102.66112,13.872082,2.9371931552886963
0,FlyBall,86.14443,42.540444,0.0015532050747424364
0,GroundBall,82.68067,-25.794432,0.20027339458465576
0,Popup,86.13109,67.295426,6.669801950920373e-05
0,FlyBall,93.74634,22.863786,-0.0011005146661773324
0,LineDrive,86.38782,30.437124,0.009736686013638973
1,LineDrive,97.84529,12.867063,0.9827064871788025
0,FlyBall,82.80585,55.283499,-0.005197402089834213
2,LineDrive,103.28509,8.907967,1.9259452819824219
0,GroundBall,66.99576,-11.703701,-0.012697309255599976
1,GroundBall,105.28953,0.456579,0.9733811616897583
0,FlyBall,84.3672,40.54329,0.0010182594414800406
0,GroundBall,90.19336,-7.54158,-0.017275424674153328
0,GroundBall,72.44231,-11.828901,0.016892971470952034
1,LineDrive,104.58951,18.411888,1.0922951698303223
2,LineDrive,105.35358,8.447672,1.9983057975769043
1,GroundBall,104.62644,-2.786545,0.9206865429878235
1,LineDrive,103.25849,-0.21847,0.9994672536849976
0,FlyBall,83.18689,57.691797,-0.026720985770225525
0,FlyBall,88.40049,58.567952,-0.0003748119925148785
1,LineDrive,93.75749,14.702269,1.0021530389785767
1,GroundBall,85.13166,-7.130954,0.7861486077308655
1,LineDrive,105.6734,13.279664,0.9893430471420288
0,FlyBall,97.02478,26.886487,0.035521768033504486
0,GroundBall,82.7328,-9.598214,-0.06896305829286575
0,GroundBall,62.77847,-22.455565,0.025326652452349663
0,FlyBall,90.82274,32.011237,-0.0010545218829065561
0,Popup,75.74791,62.200103,2.7817410227726214e-05
0,FlyBall,91.29641,55.983803,0.007640942465513945
0,GroundBall,63.34306,-30.360986,0.05819256603717804
0,GroundBall,82.45452,-2.927677,-0.019068041816353798
1,GroundBall,78.32109,-12.469015,1.0094122886657715
0,GroundBall,,,1.5019162893295288
1,FlyBall,72.66589,46.533159,0.979416012763977
2,LineDrive,98.2241,12.560435,1.9301663637161255
2,LineDrive,106.14136,21.491931,1.9936405420303345
1,GroundBall,90.57878,-18.5472,0.8431841731071472
0,LineDrive,91.14892,23.014115,-0.0033814762718975544
1,LineDrive,104.85136,8.998485,1.048471212387085
0,FlyBall,86.71576,57.328623,0.00707900058478117
0,GroundBall,91.88431,-12.761134,0.10249140113592148
0,FlyBall,76.70055,39.338216,0.0007561632082797587
0,LineDrive,103.84994,19.27103,0.06338735669851303
0,FlyBall,74.61068,34.331884,0.006625260692089796
0,FlyBall,95.16336,53.933788,0.010344050824642181
4,FlyBall,104.21438,31.209621,3.9948859214782715
0,LineDrive,97.18503,18.213276,0.07338720560073853
0,LineDrive,94.29355,18.472947,0.012462837621569633
1,GroundBall,68.00249,-79.673271,0.9722946882247925
1,LineDrive,78.79739,16.210164,0.997447669506073
4,FlyBall,113.34068,30.82243,4.002479553222656
0,FlyBall,83.23217,46.022132,0.002479490591213107
0,GroundBall,96.05571,-7.491745,0.021150778979063034
1,GroundBall,95.95232,2.286196,0.7274824380874634
0,LineDrive,78.82722,20.537967,0.06854125112295151
1,LineDrive,97.69326,16.762179,0.9986488223075867
0,FlyBall,103.45752,38.198727,5.547212600708008
4,LineDrive,101.13711,25.214291,3.986743927001953
0,LineDrive,97.16258,21.604012,1.2852987051010132
1,Bunt,,,
0,FlyBall,96.02771,48.051798,0.050014421343803406
0,GroundBall,106.90951,1.466359,0.051232583820819855
0,GroundBall,101.97751,-12.000825,0.03464847058057785
1,LineDrive,81.35432,17.220539,0.965886652469635
2,LineDrive,104.91999,22.221387,1.985685110092163
0,GroundBall,58.70143,-28.512991,0.008093135431408882
0,GroundBall,102.33971,5.746829,0.09183390438556671
0,FlyBall,105.60257,34.126282,0.003243117593228817
2,FlyBall,100.29032,47.336146,-0.0779251754283905
4,LineDrive,99.6962,29.884354,3.757081985473633
0,LineDrive,102.29237,15.666628,0.035654984414577484
1,LineDrive,106.61008,6.228792,0.9960296750068665
0,LineDrive,103.18021,17.333447,0.054737888276576996
4,LineDrive,111.34567,23.776098,4.00056266784668
1,LineDrive,96.34998,10.415057,1.0162558555603027
0,FlyBall,92.82332,47.585246,0.002324041910469532
1,LineDrive,101.70304,-3.414605,0.9779388308525085
2,LineDrive,106.0129,22.169819,1.7329473495483398
0,GroundBall,101.89,3.932187,-0.024092525243759155
0,FlyBall,96.73009,60.775676,0.00172297318931669
0,Popup,93.74539,55.524957,0.00032262507011182606
1,GroundBall,98.73509,3.297412,0.949396550655365
0,GroundBall,87.80033,-22.776803,0.022394340485334396
1,LineDrive,94.85169,16.792908,0.9699539542198181
0,FlyBall,88.13336,36.76739,0.015939923003315926
0,GroundBall,104.60582,3.194607,0.13361290097236633
0,GroundBall,,,1.5019162893295288
0,Popup,65.74173,54.755246,-0.00010003025090554729
0,Popup,80.83055,62.943355,0.00019939235062338412
1,LineDrive,95.92614,8.250799,0.7480653524398804
0,LineDrive,86.82353,27.741671,0.009736686013638973
0,Popup,68.30292,70.398735,0.0005266115767881274
2,LineDrive,105.64895,4.141758,1.9830044507980347
0,GroundBall,57.02067,-67.909829,0.02199074812233448
1,GroundBall,95.79007,-11.372144,0.9562327265739441
2,LineDrive,105.22445,19.404658,1.8723169565200806
0,GroundBall,90.88327,-5.233148,0.02145944908261299
1,LineDrive,95.03999,11.389681,1.0056371688842773
0,LineDrive,50.55887,8.842168,-0.008288350887596607
1,LineDrive,73.79383,29.481506,1.0018484592437744
1,LineDrive,88.76154,15.093384,0.9856168627738953
0,FlyBall,105.1966,31.674569,0.014146207831799984
0,GroundBall,89.47388,-18.264528,0.16245834529399872
0,Popup,64.81669,44.643044,-0.0007521324441768229
2,LineDrive,100.75971,13.722279,1.9359006881713867
1,GroundBall,89.08259,-11.285259,0.8857508301734924
1,LineDrive,73.75468,13.086313,0.951005220413208
0,FlyBall,84.36492,26.726747,0.020942747592926025
0,FlyBall,78.71756,32.248926,0.007005278952419758
0,GroundBall,70.74753,-9.518627,0.019762519747018814
0,GroundBall,85.29107,-17.039981,-0.011246697045862675
0,GroundBall,66.6175,-25.977386,-0.004855135455727577
0,LineDrive,101.66234,15.72444,0.11369911581277847
1,LineDrive,102.48227,8.097211,0.9781007170677185
1,GroundBall,96.93088,-24.269942,0.8854575157165527
1,LineDrive,95.12696,18.625643,0.017738236114382744
1,LineDrive,98.22653,10.800489,1.000496506690979
0,GroundBall,,,1.5019162893295288
4,FlyBall,105.59092,31.585966,3.960240602493286
0,LineDrive,90.19263,20.086684,-0.0062897526659071445
0,GroundBall,90.54583,-13.718015,-0.019073158502578735
0,FlyBall,102.57173,28.342251,0.010400227271020412
0,GroundBall,81.15391,-23.732395,-0.047829512506723404
0,FlyBall,91.80453,27.417115,0.10966311395168304
0,Popup,71.0862,79.309204,0.00020165742898825556
1,LineDrive,90.01124,14.198774,1.0081405639648438
0,GroundBall,82.49016,2.273981,0.1277703493833542
0,FlyBall,96.35311,34.678372,0.01568397879600525
0,GroundBall,56.49781,-33.417417,0.0018526870990172029
0,GroundBall,74.26049,-65.315429,-0.08528558909893036
1,GroundBall,100.21936,-12.33267,1.0121448040008545
0,GroundBall,66.90315,-74.992734,-0.008597826585173607
4,FlyBall,100.54397,30.501411,3.932455062866211
4,FlyBall,106.95608,33.192164,3.9771721363067627
0,FlyBall,85.81241,52.704604,0.0016113277524709702
0,FlyBall,93.75457,35.339552,0.8392233848571777
4,FlyBall,97.55922,30.633142,3.9547176361083984
0,GroundBall,93.62496,4.152385,1.0677083730697632
0,GroundBall,55.6291,-39.483413,0.014384044334292412
0,GroundBall,95.36508,-14.214664,0.011173242703080177
0,GroundBall,82.30283,-47.710936,0.007702885195612907
1,GroundBall,89.20592,-25.496303,0.7979922890663147
0,FlyBall,78.38129,31.464667,-0.0038412613794207573
0,GroundBall,80.99903,-8.655042,0.1050315871834755
1,GroundBall,79.59797,-12.298027,0.9346993565559387
1,FlyBall,81.84227,19.533485,0.9969167113304138
1,GroundBall,91.40381,-12.875984,0.8480535745620728
0,Bunt,,,
0,GroundBall,71.85806,-68.90975,0.08331605046987534
0,GroundBall,66.74319,-81.979117,0.022076087072491646
0,GroundBall,88.37349,-27.270041,0.00821688212454319
0,FlyBall,90.53866,23.977709,-0.002955012023448944
1,GroundBall,63.91834,19.864697,0.9926318526268005
0,GroundBall,62.87554,-81.64217,0.5781615376472473
2,FlyBall,98.17336,27.818046,2.1190247535705566
1,GroundBall,83.99973,17.563184,0.464306116104126
1,GroundBall,95.86791,5.823297,0.9907096028327942
0,FlyBall,79.33258,57.385226,0.005079666152596474
0,FlyBall,95.53486,19.825638,-0.00853869877755642
1,GroundBall,100.59209,-15.441032,0.9227559566497803
0,GroundBall,,,1.5019162893295288
0,FlyBall,92.65829,33.46958,-0.00045898521784693
0,GroundBall,76.51815,-8.238189,0.044283632189035416
4,FlyBall,106.38261,29.124338,3.9790377616882324
2,FlyBall,106.54116,19.728419,1.9723578691482544
0,GroundBall,75.25875,-17.233972,0.027795523405075073
1,GroundBall,105.34628,-12.346746,0.9736876487731934
0,FlyBall,89.53449,45.497733,-0.002452466171234846
1,Bunt,30.08701,14.089132,
0,FlyBall,91.72991,24.083857,-0.02877659723162651
1,LineDrive,92.43115,19.234606,0.3425454795360565
0,LineDrive,108.79613,11.914381,0.019397828727960587
1,GroundBall,105.43469,-0.511629,0.9767769575119019
0,FlyBall,105.74535,20.574717,0.05529528483748436
0,GroundBall,89.04493,4.855953,0.1332591474056244
0,Popup,81.58799,63.150817,0.00020175965619273484
0,GroundBall,75.76721,-38.288166,-0.012646242044866085
0,Popup,89.20685,65.303129,-0.0025520995259284973
0,GroundBall,,,1.5019162893295288
1,LineDrive,99.04193,10.490848,1.012697696685791
0,Popup,71.81931,54.367494,0.0014081101398915052
0,LineDrive,98.25327,19.865731,-0.00880216620862484
0,FlyBall,97.92847,28.931737,0.025575269013643265
1,GroundBall,93.1515,-9.357081,0.9332808256149292
0,Popup,57.42556,30.804826,0.00046863366151228547
1,LineDrive,92.08356,11.800261,0.8545711636543274
1,LineDrive,77.91748,18.753413,1.0158809423446655
2,LineDrive,97.09977,23.509156,1.9787698984146118
2,LineDrive,101.20564,19.936392,2.010225772857666
0,FlyBall,74.32457,31.289835,-0.0036381809040904045
1,GroundBall,69.68205,-25.494117,0.014051390811800957
2,FlyBall,103.17898,23.457065,2.0162160396575928
1,LineDrive,91.3559,8.156493,-0.05679962784051895
0,GroundBall,77.381,-2.500243,0.03171598166227341
0,FlyBall,95.28876,14.988757,0.010340479202568531
2,LineDrive,96.31319,21.032386,1.9482742547988892
0,LineDrive,75.49879,12.690095,0.06352223455905914
1,GroundBall,109.20047,2.35471,0.9599164724349976
4,LineDrive,95.6771,22.930426,0.19129911065101624
0,GroundBall,74.98878,1.03977,0.3879873752593994
0,FlyBall,94.50004,31.594648,0.05146238952875137
1,GroundBall,95.22826,2.565155,0.9770860075950623
2,GroundBall,95.03886,-5.02179,1.844788670539856
0,Popup,94.67642,73.218724,0.00017920511891134083
0,FlyBall,85.43964,40.339475,0.0010182594414800406
0,Popup,87.1223,67.88832,6.669801950920373e-05
0,GroundBall,89.08866,-57.651806,0.06050848588347435
0,GroundBall,93.26071,-12.195141,0.48355844616889954
0,Popup,66.1373,59.083255,-0.0055545917712152
2,GroundBall,105.52636,8.188434,1.954863429069519
0,GroundBall,81.20759,-17.473292,-0.0058350227773189545
0,Popup,60.5688,51.844659,0.0007624955615028739
1,LineDrive,106.33461,9.789126,1.2502248287200928
0,FlyBall,95.32155,18.516975,0.8553556799888611
1,LineDrive,106.39915,10.215451,0.9944442510604858
0,GroundBall,84.26615,-9.410526,0.036755066365003586
0,FlyBall,99.81872,25.952402,1.758272647857666
0,LineDrive,92.04078,20.004796,-0.009200949221849442
1,GroundBall,75.06278,-1.594261,-0.01919970102608204
0,Popup,72.98403,48.687366,-0.00017957334057427943
1,LineDrive,85.76045,13.039022,0.9950152635574341
0,Popup,63.81319,58.741772,2.8937791284988634e-05
0,GroundBall,103.86694,-7.997691,0.043876275420188904
0,Popup,61.96891,49.568976,-0.0006165909580886364
0,GroundBall,100.39463,-3.690856,0.005057895090430975
0,Popup,84.82261,71.711779,6.669801950920373e-05
0,Popup,70.29028,46.500886,0.000882766384165734
1,LineDrive,68.9466,16.696986,0.9870073795318604
0,LineDrive,63.31204,14.130529,0.0030621523037552834
0,GroundBall,88.76502,8.878401,-0.16213099658489227
2,GroundBall,97.16336,-1.295859,1.8224221467971802
0,Bunt,37.55863,-46.551964,
0,FlyBall,83.05894,34.191501,0.002479193964973092
0,GroundBall,108.72281,-10.458696,0.00716222170740366
0,GroundBall,66.77665,-51.37869,-0.003313658991828561
1,GroundBall,,,1.5019162893295288
0,GroundBall,89.68045,-21.10297,0.07053195685148239
2,FlyBall,99.2574,27.983784,1.9758429527282715
0,GroundBall,96.55515,-19.21179,0.016883600503206253
1,GroundBall,99.85635,-19.635379,1.0193952322006226
1,GroundBall,93.41185,-10.49434,0.8531385660171509
2,LineDrive,87.19641,14.141645,1.9262864589691162
0,GroundBall,80.79625,-57.739553,0.06510333716869354
1,LineDrive,92.95826,9.966661,0.9886534810066223
1,GroundBall,100.43622,-0.802263,0.9834901094436646
0,GroundBall,37.03792,-68.239063,0.004451386630535126
0,GroundBall,65.06274,-5.026517,0.00232510338537395
0,GroundBall,66.88818,3.532596,-0.0128621282055974
2,LineDrive,89.72174,17.344528,1.9783223867416382
0,FlyBall,84.68981,35.796853,-0.020438583567738533
0,FlyBall,95.68525,23.565483,0.00698051368817687
0,LineDrive,93.96139,27.498451,0.00269126845523715
2,LineDrive,92.64661,14.783578,1.9854997396469116
0,GroundBall,95.88749,-20.438924,0.017254559323191643
0,FlyBall,99.6523,44.470262,-0.0016807839274406433
0,LineDrive,96.24043,15.517747,0.03213247284293175
0,GroundBall,,,1.5019162893295288
1,GroundBall,95.42492,7.937588,0.9834561944007874
0,GroundBall,105.77022,6.734626,0.0016237737145274878
0,FlyBall,83.79983,24.016482,0.006426501087844372
1,GroundBall,86.66276,-6.714161,0.9347802400588989
0,GroundBall,85.09163,-7.538892,0.03932756930589676
0,GroundBall,88.93696,2.338246,0.2330314666032791
0,Popup,77.59494,65.842941,-0.00017665763152763247
0,GroundBall,87.0299,-21.966871,0.010300081223249435
0,LineDrive,83.70847,22.531374,0.002381258876994252
1,GroundBall,82.58391,-9.216773,0.9541539549827576
1,LineDrive,93.28615,23.971313,0.9986525774002075
0,FlyBall,88.87448,29.486584,-0.009954990819096565
0,GroundBall,55.02062,4.112401,-0.002527576871216297
0,LineDrive,91.12326,25.406654,0.041266005486249924
0,GroundBall,106.81379,6.508988,0.026306968182325363
1,GroundBall,33.68353,-34.343439,0.008387110196053982
0,GroundBall,53.57559,-51.998431,0.009160217829048634
0,GroundBall,89.80294,-32.232983,0.024863027036190033
0,FlyBall,101.94315,41.582271,0.0016194276977330446
0,Popup,47.66766,51.703958,8.152751252055168e-05
0,FlyBall,88.00406,33.78234,0.07426480948925018
0,GroundBall,84.74784,-23.75026,-0.013849541544914246
0,GroundBall,70.40281,-0.043735,-0.0011625990737229586
0,FlyBall,85.69761,53.43912,0.009429027326405048
0,GroundBall,95.81165,-0.174855,0.1399703323841095
1,LineDrive,101.018,9.580495,1.0021079778671265
0,GroundBall,104.11388,1.904741,-0.016178643330931664
0,GroundBall,76.58296,-40.299233,0.001233103801496327
0,GroundBall,86.28969,1.406961,0.11996014416217804
0,Popup,61.05199,63.135554,2.8937791284988634e-05
0,GroundBall,80.96567,-21.099778,-0.059165410697460175
0,Popup,,,0.00017920511891134083
0,GroundBall,50.37108,-61.561928,0.005540004000067711
0,GroundBall,67.70252,-21.219634,0.08857357501983643
0,FlyBall,97.71998,27.40066,-0.00590865220874548
0,FlyBall,85.43458,39.133652,0.004528985824435949
1,GroundBall,99.03748,0.126858,0.9871430993080139
1,GroundBall,104.47063,-2.752495,0.9542606472969055
1,LineDrive,100.36023,7.79083,1.0948318243026733
0,GroundBall,78.25266,3.895896,0.07756684720516205
0,Bunt,30.75644,-15.245388,
2,LineDrive,102.79256,12.028021,1.9703432321548462
0,Popup,89.71663,68.777095,0.00017920511891134083
4,FlyBall,107.12404,37.093296,0.521561861038208
1,GroundBall,99.40449,-13.648009,0.9605890512466431
0,GroundBall,104.27314,-2.519534,0.09925109893083572
1,GroundBall,85.26252,-0.146737,0.9416604042053223
0,Popup,93.72529,57.886961,0.00017920511891134083
4,FlyBall,97.91882,25.396515,3.843287944793701
1,LineDrive,87.94324,12.41727,1.0203713178634644
0,GroundBall,96.39147,-10.706259,0.6320577263832092
0,LineDrive,75.49002,12.451744,0.019947145134210587
0,FlyBall,85.89883,33.599766,0.00029756652656942606
4,FlyBall,105.15094,22.706075,3.9794540405273438
0,Popup,86.23802,63.438873,6.669801950920373e-05
0,FlyBall,83.22393,33.607083,0.004669932648539543
0,GroundBall,97.00451,-14.182554,0.07429429888725281
2,GroundBall,83.67633,-6.908022,-0.02229158952832222
0,GroundBall,61.65909,-75.079856,0.05577103793621063
1,GroundBall,105.70184,-12.035226,0.946186900138855
4,FlyBall,98.13108,29.401985,3.918410062789917
4,FlyBall,104.63391,28.400987,4.002413749694824
0,Popup,73.36537,64.859437,-0.0003055408305954188
1,LineDrive,85.92944,17.090025,1.0104008913040161
0,GroundBall,95.33037,-21.125555,0.0017237820429727435
0,GroundBall,104.0459,1.356576,0.0642874464392662
1,GroundBall,81.56602,-0.884353,-0.27456843852996826
0,GroundBall,97.3766,-17.456673,0.02868732437491417
4,FlyBall,96.36519,26.167492,3.8827779293060303
2,LineDrive,97.97386,20.164136,1.8821622133255005
2,LineDrive,104.0711,17.761135,1.9941846132278442
1,LineDrive,104.17482,12.150827,1.0691081285476685
1,LineDrive,107.67841,13.956111,1.0136597156524658
0,FlyBall,93.5459,29.079977,0.005882059223949909
0,LineDrive,98.14135,21.444942,0.013933919370174408
1,LineDrive,79.7704,15.910369,0.9611678719520569
0,GroundBall,93.18202,-9.998087,0.11994495242834091
0,GroundBall,89.30596,-35.027283,0.01930314302444458
0,LineDrive,80.9206,22.689855,-0.008325711823999882
0,Popup,59.6672,51.959891,0.004094159696251154
0,GroundBall,74.54133,-37.164668,-0.04216587916016579
0,GroundBall,63.17137,-72.668736,-0.012258403934538364
2,LineDrive,93.78594,16.67726,0.4248388409614563
0,GroundBall,86.98458,-9.425243,0.16617856919765472
0,GroundBall,92.5076,-2.943955,0.04238525405526161
0,GroundBall,96.15096,-6.988861,0.015471786260604858
0,GroundBall,100.48298,-5.619721,0.7006912231445312
1,GroundBall,109.91129,7.146312,1.0019010305404663
2,FlyBall,96.37213,25.814673,1.9955027103424072
0,Bunt,,,
0,GroundBall,64.85041,-44.546782,-0.011912706308066845
0,FlyBall,85.62606,53.915078,-0.005197402089834213
0,FlyBall,89.4734,27.749549,1.8270972967147827
1,LineDrive,80.15355,18.241041,0.987118124961853
1,LineDrive,94.07737,11.20013,0.9996614456176758
4,FlyBall,110.94734,20.02884,4.011079788208008
4,FlyBall,110.31512,30.88542,3.982297420501709
0,GroundBall,69.27771,-24.231602,-0.02166852541267872
0,GroundBall,98.21798,-2.112205,1.0474026203155518
2,LineDrive,93.11267,12.718124,1.9135690927505493
4,FlyBall,102.26322,23.748138,3.9382433891296387
1,GroundBall,104.21597,-7.009157,0.9416164755821228
1,LineDrive,85.88766,14.41775,0.9639481902122498
0,FlyBall,82.09889,52.950482,0.054291777312755585
1,LineDrive,92.75452,17.458391,0.9792402982711792
0,LineDrive,95.79637,18.421126,-0.006938653532415628
1,GroundBall,105.12028,-0.266422,0.9491984248161316
1,LineDrive,99.99081,11.510257,1.0297669172286987
1,GroundBall,86.03174,-30.129949,0.8944651484489441
0,Popup,78.29297,56.145087,0.10180488228797913
1,LineDrive,100.74209,9.414217,0.9639548063278198
1,LineDrive,100.7011,11.953505,1.0753874778747559
0,Popup,54.30763,28.253635,0.0001813929993659258
1,LineDrive,100.70274,14.55776,1.4040062427520752
1,Bunt,,,
1,LineDrive,89.65493,10.751115,1.0188612937927246
1,GroundBall,89.5733,-16.110379,0.7948148250579834
0,FlyBall,89.92627,32.021676,-0.01390144694596529
1,LineDrive,100.53577,13.091624,1.0564699172973633
1,GroundBall,99.78106,-6.156902,0.8681065440177917
0,LineDrive,82.86597,10.920817,0.08635610342025757
1,GroundBall,61.0302,-70.698002,0.9420981407165527
1,GroundBall,108.40326,4.166377,0.9907851219177246
4,FlyBall,99.84392,25.505216,1.9116055965423584
0,GroundBall,81.27988,2.909401,0.017357133328914642
2,LineDrive,91.95852,10.817864,1.9633032083511353
0,GroundBall,101.43599,-14.947282,0.10239965468645096
0,FlyBall,83.25934,44.0411,0.0010182594414800406
0,FlyBall,97.02176,35.795004,0.06351394951343536
1,LineDrive,77.53698,20.064699,1.0574582815170288
0,Popup,57.06314,69.489797,2.202076393587049e-05
0,FlyBall,92.49982,29.54516,-0.004887808114290237
0,LineDrive,94.37545,10.155105,0.10191023349761963
0,GroundBall,85.11717,-11.534043,0.13571518659591675
0,GroundBall,78.3872,-44.815542,0.13983294367790222
0,GroundBall,,,1.5019162893295288
0,GroundBall,77.17721,-24.461001,0.05188412219285965
0,FlyBall,89.06645,26.731661,0.02235475368797779
0,FlyBall,83.18398,29.278096,0.0012875309912487864
1,LineDrive,97.73209,11.05581,0.9942183494567871
0,LineDrive,91.76149,28.250384,-0.04651070386171341
0,FlyBall,80.06193,38.141812,0.04360533133149147
0,LineDrive,102.22829,9.57548,0.08513668179512024
1,LineDrive,109.43993,11.453661,1.0002362728118896
0,GroundBall,83.71455,-7.90496,-0.016659384593367577
0,Popup,75.1241,29.702126,0.0032709406223148108
0,GroundBall,107.28799,-6.836979,-0.013075852766633034
0,LineDrive,97.38867,12.894549,0.09776556491851807
1,GroundBall,,,1.5019162893295288
2,LineDrive,97.26602,22.942453,1.9715992212295532
0,GroundBall,94.31089,-8.679437,0.10757166892290115
1,GroundBall,93.46478,3.075471,0.9621300101280212
0,GroundBall,100.7566,-6.241991,0.006794363725930452
0,LineDrive,110.2451,15.224598,0.012226482853293419
1,LineDrive,102.23141,7.742903,0.8957997560501099
0,FlyBall,75.54052,36.599744,0.009264971129596233
1,GroundBall,94.42438,2.374611,0.9735054969787598
0,GroundBall,91.17626,-12.649448,0.23423805832862854
0,FlyBall,89.29653,51.578956,0.003647779580205679
0,FlyBall,89.18223,42.978061,-0.0015479209832847118
4,FlyBall,97.4744,36.985523,-0.7773036360740662
4,FlyBall,109.33602,27.450616,3.9892373085021973
0,LineDrive,108.75639,16.031901,2.577878713607788
0,FlyBall,95.59856,50.814534,0.3514472246170044
0,GroundBall,97.84342,4.31761,0.09491025656461716
4,FlyBall,95.063,30.958815,3.9204578399658203
0,LineDrive,101.29533,19.736951,2.016526937484741
4,FlyBall,104.73055,37.737564,3.94726824760437
0,GroundBall,89.8278,-34.028067,0.017601992934942245
0,FlyBall,100.14441,38.784995,0.021395908668637276
0,FlyBall,88.3546,51.830107,0.003647779580205679
0,GroundBall,96.59753,-1.987425,0.049956828355789185
0,GroundBall,97.32623,-5.369943,0.019245566800236702
0,FlyBall,96.8555,46.138471,-0.004689260385930538
0,GroundBall,105.64744,0.251046,0.05700318142771721
1,GroundBall,99.60963,-2.92295,1.019829511642456
0,GroundBall,54.35178,-52.700307,0.01730094850063324
1,GroundBall,95.11236,0.513952,0.9555065035820007
0,LineDrive,97.41336,23.720255,0.04764373600482941
0,LineDrive,100.19584,14.738611,0.0918748751282692
0,FlyBall,92.05983,24.867085,0.004143308848142624
0,GroundBall,102.59513,-1.800979,0.04829045385122299
0,FlyBall,98.56238,54.430878,-0.0018510774243623018
4,FlyBall,110.16819,25.647632,4.011561393737793
1,GroundBall,84.06586,7.688257,0.9464637637138367
2,LineDrive,103.38073,19.630266,2.0090672969818115
1,LineDrive,66.34162,17.257538,0.3013336658477783
0,GroundBall,54.79779,-18.640687,0.0001822293270379305
0,LineDrive,92.43259,20.348914,0.019564189016819
0,GroundBall,65.77185,-59.878981,0.05651356279850006
0,FlyBall,91.86625,39.152584,0.017923306673765182
1,GroundBall,97.93705,-0.398037,0.9266131520271301
1,LineDrive,103.7666,13.242516,1.964068055152893
1,GroundBall,106.88787,-3.536096,0.987080454826355
1,GroundBall,56.04055,-75.08533,0.8521704077720642
1,LineDrive,95.91504,10.453802,1.0027453899383545
2,FlyBall,86.9176,22.523907,1.9909460544586182
1,GroundBall,82.2321,1.726723,0.9587827920913696
2,LineDrive,102.5233,5.705569,1.9794467687606812
1,GroundBall,104.85726,4.839451,0.948072075843811
0,GroundBall,68.42395,-2.540225,-0.016968589276075363
2,LineDrive,104.67076,18.158408,1.8618061542510986
1,GroundBall,68.08253,-8.004603,-0.005018946714699268
0,GroundBall,95.21971,-50.719651,0.5841046571731567
0,FlyBall,86.82766,35.196525,0.01730239763855934
0,LineDrive,91.3383,16.676883,0.008635944686830044
0,FlyBall,85.22933,31.443454,0.008773231878876686
2,LineDrive,84.86172,16.079553,1.9901045560836792
0,GroundBall,91.88293,-9.796688,-0.03154470771551132
0,LineDrive,78.19403,32.115024,0.4262343645095825
1,LineDrive,80.55315,17.981182,1.075098991394043
0,LineDrive,98.78244,17.267339,-0.012511136941611767
0,FlyBall,74.03449,25.035229,0.007806392386555672
4,FlyBall,106.9901,23.063348,3.9956462383270264
2,LineDrive,104.07062,13.122314,1.9523967504501343
2,LineDrive,85.33555,20.203315,2.0023114681243896
0,FlyBall,85.93774,24.284492,0.5643936991691589
2,LineDrive,97.5394,16.694516,1.903026819229126
0,GroundBall,89.16164,-33.747605,0.06592943519353867
0,FlyBall,80.65915,24.002203,-0.0016584921395406127
0,LineDrive,100.92208,5.086824,0.012619748711585999
0,GroundBall,100.61545,3.762349,0.05975239351391792
0,GroundBall,70.83233,-26.571948,0.000368844106560573
1,Popup,68.62751,36.882463,1.0001296997070312
0,LineDrive,82.3154,23.528269,0.006765382364392281
0,GroundBall,98.65697,-21.001728,0.0013642181875184178
0,GroundBall,95.78422,-28.092749,0.07393282651901245
1,GroundBall,62.13709,-38.383367,0.8407987356185913
0,FlyBall,90.94471,54.72235,-0.01055485662072897
0,FlyBall,96.7171,26.260478,0.05493958666920662
0,GroundBall,104.88174,-26.362816,0.02454433962702751
1,LineDrive,108.47042,11.529234,0.8734079003334045
1,LineDrive,105.04133,7.238456,0.9184527397155762
1,FlyBall,70.14903,42.022917,1.0034021139144897
0,GroundBall,,,1.5019162893295288
1,GroundBall,96.87525,-22.635053,0.2225814014673233
0,FlyBall,94.73645,28.127033,0.07623128592967987
2,LineDrive,101.39629,15.993125,1.8968658447265625
0,FlyBall,99.80585,23.245419,0.06027946621179581
1,GroundBall,100.39777,7.416392,0.9867774844169617
0,GroundBall,83.08726,-55.601058,-0.004126323852688074
0,GroundBall,101.56074,-4.473628,0.381545752286911
0,FlyBall,85.62305,39.563597,0.006587760988622904
0,GroundBall,93.69802,-37.352542,-0.022032244130969048
0,LineDrive,91.41661,19.395353,0.06077895686030388
0,GroundBall,61.32284,-45.866416,0.006956963334232569
0,Popup,,,0.00017920511891134083
0,LineDrive,97.78289,11.327742,0.08779621869325638
0,GroundBall,100.7783,-1.715888,0.0394388809800148
1,LineDrive,69.2407,26.174088,1.1495237350463867
2,LineDrive,73.94739,21.078971,0.9953323602676392
0,GroundBall,82.86485,-26.816099,-0.10176082700490952
0,GroundBall,91.09871,-22.877888,0.11930034309625626
0,FlyBall,80.30569,27.488702,0.0063794259913265705
0,GroundBall,73.39422,-44.837108,0.48520198464393616
1,LineDrive,102.48494,12.25361,0.9964228868484497
2,FlyBall,94.65665,19.292937,-0.031050320714712143
0,FlyBall,104.02239,39.339186,3.824411630630493
0,GroundBall,103.36359,2.272483,0.04193823039531708
0,GroundBall,89.84609,-21.770532,0.11851944029331207
0,FlyBall,96.31052,37.708361,0.05914793908596039
1,LineDrive,71.1788,19.01844,1.0219253301620483
0,GroundBall,103.4283,-8.471824,0.0376087985932827
0,GroundBall,94.0547,-12.76395,0.051661208271980286
0,FlyBall,101.09934,36.299375,-0.01092873327434063
0,Popup,,,0.00017920511891134083
0,GroundBall,77.99289,-34.488837,0.7572336792945862
0,Popup,81.66156,64.433428,0.00020175965619273484
0,FlyBall,84.61522,29.650979,-0.013089774176478386
0,FlyBall,74.44821,48.962676,0.010589895769953728
3,FlyBall,92.20079,37.385761,2.9459192752838135
0,Popup,72.65325,61.948538,0.0002748413535300642
2,LineDrive,102.15868,15.619973,1.9026738405227661
0,GroundBall,93.50201,-4.815294,0.07202587276697159
0,FlyBall,102.10648,44.266148,-0.00213711173273623
4,FlyBall,100.2132,27.719409,3.866631507873535
0,FlyBall,75.50928,43.147255,0.3458056151866913
0,GroundBall,84.74348,-32.71303,0.0934709757566452
0,FlyBall,83.28024,52.116716,-0.00471754465252161
0,FlyBall,81.30312,31.788451,-0.14827223122119904
1,LineDrive,86.112,14.415497,1.0023366212844849
0,Bunt,35.55113,-52.284279,
0,FlyBall,102.6201,18.128038,0.01021607406437397
1,GroundBall,98.83676,-10.663828,0.9605870842933655
0,FlyBall,86.28628,48.562744,-0.0026525671128183603
0,FlyBall,87.14074,53.555407,-0.001953567611053586
4,FlyBall,93.76208,32.158544,3.9364941120147705
0,GroundBall,93.04557,-40.041963,0.0315580740571022
1,LineDrive,76.85811,22.379865,0.9782949090003967
1,GroundBall,67.72762,-20.091021,0.9196085333824158
0,GroundBall,90.87683,-13.125877,0.05568169057369232
0,FlyBall,94.86521,25.554118,0.048861823976039886
0,GroundBall,95.41561,4.156589,0.11786642670631409
3,FlyBall,98.5521,31.269761,2.9397053718566895
0,GroundBall,103.95513,5.080823,0.06443709880113602
0,Popup,91.06866,59.175273,0.00017920511891134083
0,FlyBall,98.76633,29.098234,-0.015247661620378494
2,GroundBall,96.74553,-0.4405,1.8620308637619019
0,GroundBall,101.75143,0.883118,0.03457487374544144
0,FlyBall,87.47714,35.311003,-0.0006191079737618566
0,FlyBall,101.43441,21.511363,0.023204194381833076
0,GroundBall,71.24983,-49.469461,0.01549365185201168
0,GroundBall,97.36203,-4.326445,0.6223779320716858
0,Popup,55.39353,57.265657,-5.6285240134457126e-05
1,LineDrive,88.53526,18.137882,1.0162065029144287
0,FlyBall,96.46658,19.554203,-0.003048680955544114
1,LineDrive,94.40765,11.341022,0.9740591645240784
0,Popup,87.85019,65.985536,6.669801950920373e-05
1,GroundBall,55.43374,-3.125575,0.006536069326102734
0,GroundBall,99.9172,-0.000726,0.09028269350528717
0,FlyBall,81.58133,44.264225,-0.047929566353559494
0,GroundBall,104.25604,3.444981,-0.03437988460063934
0,FlyBall,98.96074,30.443435,0.1258314698934555
1,LineDrive,82.21516,12.120328,0.9998229146003723
0,FlyBall,91.01902,34.686703,0.022694937884807587
0,GroundBall,64.4401,-21.555845,0.00014524607104249299
0,Popup,76.13313,71.180449,2.7817410227726214e-05
1,Popup,59.63342,34.458676,0.9996170997619629
0,GroundBall,74.82027,-11.146014,0.341170072555542
0,GroundBall,70.59537,-2.271866,0.023808544501662254
0,GroundBall,98.47213,-5.572734,-0.018836962059140205
0,FlyBall,89.87855,22.789621,0.02412889152765274
0,Popup,70.48091,45.155073,0.000882766384165734
1,GroundBall,98.48721,-6.30356,-0.34422457218170166
1,FlyBall,76.6639,53.015258,0.9475762248039246
2,LineDrive,103.32241,13.07937,1.9137088060379028
0,GroundBall,84.19661,4.922211,0.9489144086837769
1,GroundBall,88.23196,-20.730575,0.8337788581848145
0,GroundBall,62.26332,-70.552835,0.05430563539266586
2,LineDrive,101.53133,14.289062,2.0233523845672607
0,GroundBall,98.42266,-10.83345,0.14274358749389648
0,GroundBall,88.23054,-9.190161,0.1329730898141861
0,FlyBall,81.65881,34.116165,0.002965632127597928
0,GroundBall,93.73445,-3.138865,-0.038521938025951385
1,LineDrive,97.61927,10.0448,0.9762197136878967
1,GroundBall,97.53915,-2.466237,0.9244316816329956
0,FlyBall,90.39246,20.745377,0.08846577256917953
0,FlyBall,86.14318,25.249677,0.04122450202703476
0,GroundBall,104.67178,-3.191264,0.07754375785589218
0,Popup,81.5041,76.002955,0.00020175965619273484
0,FlyBall,79.48688,47.977849,-0.021799813956022263
1,LineDrive,105.57586,6.753582,1.0046578645706177
0,GroundBall,60.30542,-70.080061,0.9013968706130981
0,Popup,66.51341,73.552686,-0.0055545917712152
2,FlyBall,97.08597,24.543209,1.966947317123413
0,GroundBall,92.51753,-18.071425,0.04359777271747589
2,LineDrive,99.94479,7.540267,1.96477210521698
0,GroundBall,104.16451,-0.69171,0.05300906300544739
0,FlyBall,93.55375,25.826786,0.01970389112830162
2,LineDrive,85.0024,16.196432,1.9901045560836792
0,FlyBall,94.70395,48.540249,-0.03565742075443268
0,GroundBall,86.09741,-29.214701,0.08530955761671066
0,FlyBall,102.85838,30.873901,0.09958157688379288
0,FlyBall,99.84532,38.271512,1.8506697416305542
0,GroundBall,90.02021,-17.801912,0.06289268285036087
0,FlyBall,82.3672,31.167909,0.0364048108458519
0,GroundBall,92.37564,-7.475112,0.09754884243011475
0,Bunt,65.54007,-50.384433,
0,FlyBall,95.53786,34.021474,-0.005876327399164438
1,LineDrive,91.87899,10.978227,1.0277684926986694
0,FlyBall,87.04132,37.816848,0.008808783255517483
1,LineDrive,85.86909,7.966721,0.9906931519508362
0,GroundBall,59.42629,-22.200244,0.00395766319707036
0,GroundBall,106.03466,2.700295,0.031314510852098465
0,FlyBall,95.22014,24.819786,0.0683390349149704
1,GroundBall,96.87458,0.564035,1.0205256938934326
0,FlyBall,74.68945,36.934301,0.007571234833449125
0,Popup,81.12158,62.422244,0.00020175965619273484
0,GroundBall,94.59596,6.589723,0.07158634066581726
1,GroundBall,75.18847,-50.64808,0.052447717636823654
0,GroundBall,105.56701,5.243056,0.030514400452375412
2,LineDrive,96.31867,19.916078,1.902655005455017
0,LineDrive,85.03729,11.716311,0.007573945447802544
0,FlyBall,91.00417,31.65691,0.005314179230481386
0,FlyBall,76.93359,30.934224,-0.4021094739437103
0,FlyBall,93.10268,35.34759,0.02367820404469967
0,FlyBall,87.40093,31.042078,-0.0017748738173395395
1,LineDrive,107.97949,9.569448,0.9982547760009766
0,GroundBall,81.54403,4.820637,0.038035761564970016
0,GroundBall,56.13531,-45.578741,-0.0032031249720603228
0,GroundBall,93.91716,0.378639,0.11762174218893051
0,GroundBall,80.78285,-11.623528,0.032202158123254776
0,GroundBall,63.90567,-4.980644,0.010529797524213791
0,GroundBall,89.93499,3.789664,0.7676909565925598
0,GroundBall,61.07282,-49.375509,0.0051461197435855865
0,GroundBall,89.98375,-17.851725,0.043475206941366196
0,FlyBall,98.12329,44.343214,1.0534520149230957
0,LineDrive,106.81119,15.551595,1.0037131309509277
0,FlyBall,81.44161,32.794334,0.023262914270162582
0,FlyBall,97.41852,22.56353,0.4650512933731079
0,FlyBall,84.57211,30.770303,-0.0032927151769399643
0,FlyBall,88.39663,37.093716,0.0010511975269764662
0,FlyBall,89.04676,35.226183,-0.00735295657068491
1,LineDrive,103.94448,3.27925,1.0054141283035278
1,LineDrive,79.68229,11.936079,0.9234919548034668
0,FlyBall,98.17679,25.612269,0.021209724247455597
1,FlyBall,65.56054,42.881477,1.0034021139144897
0,GroundBall,66.28286,-27.647876,-0.002233641454949975
0,LineDrive,94.93533,15.369666,0.8151793479919434
1,GroundBall,43.67985,-9.984378,0.06761094927787781
1,LineDrive,101.38547,10.526256,1.0172289609909058
0,FlyBall,90.49999,54.879627,-0.0037449272349476814
0,GroundBall,65.67842,-53.728254,0.1333625167608261
0,GroundBall,74.5401,-43.989531,-0.024686986580491066
0,FlyBall,94.58418,27.334535,-0.0013968348503112793
0,FlyBall,82.52725,41.479585,-0.001501776510849595
0,LineDrive,78.49724,22.358048,0.026520410552620888
0,LineDrive,105.13481,15.108663,0.5561664700508118
0,GroundBall,94.2691,-33.06605,0.013390157371759415
1,GroundBall,80.16306,8.705505,0.6208893656730652
0,FlyBall,87.50893,41.363864,0.004812080413103104
0,Popup,71.33986,48.017,0.038432035595178604
0,Popup,81.25592,60.013712,0.00020175965619273484
4,FlyBall,105.29848,27.391591,3.989043712615967
0,LineDrive,89.92126,17.541556,0.07116448879241943
0,GroundBall,65.76343,-27.405989,-0.002233641454949975
0,FlyBall,79.96126,48.464638,-0.01655205339193344
0,FlyBall,88.53481,54.776776,-0.00225880928337574
1,LineDrive,88.69398,13.523652,0.9997260570526123
3,LineDrive,79.10235,20.259279,2.9208197593688965
0,GroundBall,80.02712,-7.398013,0.0021034227684140205
0,LineDrive,106.75666,7.733462,0.012289414182305336
0,FlyBall,92.01934,42.736454,0.005499392282217741
2,LineDrive,105.2857,16.110766,1.487898349761963
1,GroundBall,103.29388,-7.213144,0.9672565460205078
0,GroundBall,93.88859,-0.003431,-0.005065117031335831
0,FlyBall,89.12198,57.270608,-0.00225880928337574
1,GroundBall,58.61405,-41.245373,-0.04167257249355316
1,LineDrive,90.80661,15.260724,0.9823030233383179
0,Popup,71.76405,60.977972,0.00020165742898825556
2,LineDrive,104.43801,11.054135,1.912058711051941
0,GroundBall,97.76517,-0.967814,0.153965026140213
1,FlyBall,78.62324,22.420662,0.9946491718292236
1,GroundBall,89.76935,7.221246,0.2558583915233612
0,FlyBall,75.09686,29.839669,-0.01806940883398056
0,GroundBall,81.7081,-27.988763,-0.006419636774808168
0,GroundBall,84.14103,-3.153526,0.08343382179737091
0,FlyBall,92.37558,34.012903,-0.0002547691110521555
0,FlyBall,90.39929,51.667709,0.011415577493607998
1,LineDrive,83.5137,9.647611,0.9672117829322815
1,LineDrive,60.33775,26.646383,1.004797101020813
0,Popup,81.25764,80.588954,0.00020175965619273484
0,FlyBall,92.4559,28.277474,0.020136862993240356
2,LineDrive,89.90026,25.481989,1.9672218561172485
4,FlyBall,108.29564,26.291226,3.995227098464966
1,LineDrive,94.83033,13.208271,1.0087424516677856
1,LineDrive,110.32629,6.712026,1.0044994354248047
1,Popup,78.3789,26.096898,1.0001482963562012
4,FlyBall,102.83223,33.015911,3.9439797401428223
0,GroundBall,61.70401,-41.063172,0.0022500676568597555
0,Popup,23.26635,-25.188119,0.000593756849411875
0,GroundBall,82.26968,3.516389,0.1442626565694809
1,FlyBall,75.90237,23.161358,-0.021396245807409286
1,LineDrive,81.34911,17.375546,1.0087571144104004
0,FlyBall,93.41997,46.465011,-0.0021064928732812405
0,LineDrive,83.62305,6.963941,0.3689447343349457
0,FlyBall,88.55116,40.87265,0.002745214384049177
0,LineDrive,93.68313,20.394447,0.09449253976345062
1,LineDrive,107.88954,13.832084,1.054078221321106
0,Popup,,,0.00017920511891134083
0,GroundBall,58.22903,-6.312489,0.14237505197525024
2,FlyBall,100.92451,25.991345,1.90059494972229
0,GroundBall,74.36298,-34.624492,0.8814017176628113
0,GroundBall,72.99856,-37.303764,0.11594086140394211
0,GroundBall,88.74613,-10.133158,0.0057121324352920055
0,LineDrive,103.28381,6.998826,0.01008752454072237
0,GroundBall,70.22179,4.598227,-0.004161061719059944
0,GroundBall,63.92909,-49.620832,0.0039854166097939014
0,FlyBall,101.15189,26.097606,0.09172520041465759
1,GroundBall,72.06223,-68.875973,0.9819356203079224
1,LineDrive,88.01489,9.80747,1.3187936544418335
0,GroundBall,69.99436,-27.044456,0.000368844106560573
0,FlyBall,86.46685,40.310082,0.004813103005290031
0,GroundBall,76.93169,-68.049328,0.037231117486953735
1,GroundBall,89.65179,-83.738332,0.9449173808097839
1,LineDrive,91.93918,14.516093,1.00404953956604
0,Popup,69.82764,71.984015,-0.00042489368934184313
0,GroundBall,96.42263,-5.512197,0.047592196613550186
4,LineDrive,103.45817,24.974402,4.009747505187988
4,FlyBall,103.25784,26.259229,2.9606642723083496
0,FlyBall,88.65907,50.536301,0.003647779580205679
0,LineDrive,94.60875,20.182615,0.09624254703521729
1,LineDrive,103.40762,5.22679,1.015147089958191
4,FlyBall,95.63589,27.985296,0.4836064279079437
0,GroundBall,,,1.5019162893295288
0,GroundBall,46.35633,-59.569307,0.01471678726375103
0,GroundBall,52.0594,-53.9112,0.023689890280365944
0,GroundBall,62.64782,-31.622391,0.33152446150779724
2,FlyBall,96.16656,46.77617,1.9097508192062378
4,FlyBall,92.12324,27.341773,3.9330310821533203
0,LineDrive,98.87373,16.292512,0.0028820435982197523
0,GroundBall,84.36619,-35.816166,0.0040267957374453545
0,GroundBall,68.40686,-60.843986,0.02626866288483143
1,LineDrive,84.09445,11.863754,0.9961471557617188
0,Popup,89.13291,51.544096,0.00030983795295469463
2,LineDrive,100.40789,19.516156,1.9718726873397827
0,Popup,81.61509,67.120323,0.00020175965619273484
0,GroundBall,80.81447,-4.1592,-0.01818237639963627
4,LineDrive,106.72247,17.295758,3.9417295455932617
0,GroundBall,69.24296,-29.059604,-0.008563052862882614
0,FlyBall,85.25377,49.116704,-0.006766379810869694
0,GroundBall,82.42715,-4.745234,0.03155948966741562
0,Popup,77.2806,62.001203,-0.00017665763152763247
0,Popup,76.25402,48.363484,0.004709939938038588
4,FlyBall,99.83649,36.651637,0.04376477375626564
0,FlyBall,82.32017,51.153301,-0.00471754465252161
0,GroundBall,57.95968,-35.47221,0.017537983134388924
1,GroundBall,72.90788,-58.113551,0.804442822933197
1,Bunt,,,
0,GroundBall,105.12097,-21.875409,0.012544889934360981
0,GroundBall,93.86909,-6.53028,-0.05612257495522499
1,GroundBall,77.19869,-31.918813,0.44119998812675476
0,GroundBall,102.6107,-13.753054,0.02235616184771061
1,GroundBall,90.74863,1.222784,0.8921614289283752
0,GroundBall,82.61734,-10.509944,0.41278302669525146
1,LineDrive,92.78516,14.070745,1.0290210247039795
0,FlyBall,81.92131,34.723122,0.12351419031620026
1,GroundBall,,,1.5019162893295288
0,GroundBall,83.16499,-26.852691,-0.03261564299464226
0,GroundBall,67.82308,-42.608859,0.7637975215911865
0,GroundBall,96.26761,-3.57474,-0.0477113202214241
1,GroundBall,99.04572,6.552775,0.9619419574737549
0,FlyBall,98.63205,24.763779,0.012390661053359509
0,Popup,70.69282,64.317001,0.00020165742898825556
0,GroundBall,26.24801,-43.477446,0.0019875080324709415
0,LineDrive,101.70596,6.547915,0.05106426775455475
0,GroundBall,52.87332,-24.298753,0.0038279430009424686
1,GroundBall,94.37635,-13.039447,0.9939441084861755
2,GroundBall,95.98382,4.260301,0.7119255065917969
0,GroundBall,102.80334,-60.343858,-0.0033836697693914175
1,GroundBall,96.07329,3.287142,0.9482478499412537
0,GroundBall,70.78487,-40.519684,0.002062159590423107
0,LineDrive,105.04215,7.688388,0.03585521876811981
2,LineDrive,105.58529,9.628673,1.9143264293670654
0,FlyBall,89.19121,40.497161,0.002745214384049177
0,GroundBall,84.74602,-7.701992,-0.06775370985269547
1,GroundBall,101.39025,-10.44323,0.8619675636291504
0,GroundBall,93.54033,-14.668487,0.06411576271057129
0,FlyBall,89.76596,38.681255,0.019879600033164024
2,FlyBall,94.91396,27.684815,1.965687870979309
0,FlyBall,89.39457,47.559761,0.0024101361632347107
4,FlyBall,106.63233,30.028733,3.9709219932556152
0,GroundBall,80.64053,-3.275171,-0.044851843267679214
0,Popup,77.0147,85.944718,-0.005940240807831287
2,LineDrive,103.40286,14.952987,1.9760725498199463
1,LineDrive,101.67132,14.737351,0.991741955280304
1,LineDrive,107.94849,12.534912,1.003459095954895
0,FlyBall,87.3169,36.728181,-0.00921730138361454
0,FlyBall,97.48256,21.920665,0.007954876869916916
0,GroundBall,35.87714,-25.501345,0.0006093820556998253
1,LineDrive,105.86294,10.087804,1.010412335395813
4,FlyBall,107.61384,36.456026,3.974682331085205
2,LineDrive,109.43574,8.045821,1.966870903968811
0,GroundBall,65.16998,-6.341056,-0.069748654961586
0,GroundBall,50.25758,-17.811257,-0.03369547799229622
0,FlyBall,85.14583,36.297544,-0.008378583006560802
0,FlyBall,98.0682,24.568522,0.06924699246883392
0,FlyBall,77.23471,51.52224,-0.0015329972375184298
4,FlyBall,103.82509,26.800644,3.9997828006744385
1,Bunt,39.43225,-32.10125,
1,GroundBall,92.51178,-19.179957,0.04839030280709267
0,FlyBall,89.50016,48.912354,0.003647779580205679
0,LineDrive,98.11779,19.948194,0.0984625294804573
0,GroundBall,102.93595,-15.797828,0.5460217595100403
0,GroundBall,106.48626,-2.031862,-0.006194889545440674
0,GroundBall,51.16059,8.171991,-0.0010846989462152123
0,FlyBall,81.41685,64.923448,-0.03875262662768364
1,LineDrive,99.66678,10.690439,1.0127851963043213
1,GroundBall,91.62999,2.708162,0.9192309379577637
0,GroundBall,55.89071,-55.436289,0.1866198480129242
1,Popup,69.00229,53.177141,0.9946861863136292
2,LineDrive,96.38219,10.467488,1.865651249885559
1,LineDrive,102.01739,4.908672,0.7537047863006592
1,GroundBall,76.76513,1.398335,0.8568618893623352
1,LineDrive,75.09568,24.779718,1.0229722261428833
4,FlyBall,99.33237,28.488442,3.9328062534332275
1,LineDrive,102.15442,14.325729,2.179755449295044
0,LineDrive,99.24612,18.496731,1.5983299016952515
0,FlyBall,92.33859,64.893453,0.753878116607666
